JPGomdol,"you want the last splash potion as well?"
JPGomdol,"waw"
JPGomdol,"nice ender necklace"
JPGomdol,"ok"
JPGomdol,"do you have enough combat lvl to start it?"
[MVP+] z_nith,"noo"
[MVP+] kix0n,"???"
Spectre_01,"skull"
[MVP+] z_nith,"i need a splash but its ful :sob:"
[MVP+] Tryp0MC,"9 private splashes ready for myself :3 for le bingo"
[MVP+] z_nith,"tryp0mc how"
[VIP] MakeMonkeysFree,"how far yall with goal"
[MVP+] Tryp0MC,"simple: i got a semi-autobrewer"
[MVP+] WoodenRepublic,"2/20 or smth"
[MVP+] Tryp0MC,"and an account"
[MVP+] z_nith,"can u splash me w u"
[MVP+] Tryp0MC,"no"
Spectre_01,"can soemoen splash me with 1 grand?"
[MVP+] z_nith,"boring"
[MVP+] BlazinElite,"tyy"
[VIP] Ellasumnisss8,"thank you"
[MVP+] Fayqe,"ty"
[VIP] wyxy,"Spectre_01 mine lapis by dwarven spawn"
[VIP] MakeMonkeysFree,"hey modcraft. when new when"
[VIP] MakeMonkeysFree,"vid"
[MVP+] nexa2,"i dmed indigo but he is not responding"
[MVP+] nexa2,"breh"
[MVP++] BingoParty,"[MVP+] BossFlea: HUB 8"
[MVP++] BingoParty,"[MVP+] BossFlea: HUB 8 (2)"
[MVP++] BingoParty,"[MVP+] BossFlea: HUB 8 (3)"
[MVP++] BingoParty,"[MVP+] BossFlea: HUB 8 (4)"
[MVP++] modcraft,"is thirty dying?"
[VIP] Jiffythe_best24,"another one?"
[MVP++] BingoParty,"[MVP+] BossFlea: HUB 8 (5)"
JPGomdol,"extreme lag"
JPGomdol,"dont you need a s?"
JPGomdol,"ic"
JPGomdol,"i forgot this exist"
JPGomdol,"we go?"
JPGomdol,"i have 6k ping so"
JPGomdol,"prob cant do much"
16thGarden,"Skytils » 10527.47 ms"
16thGarden,"epic"
JPGomdol,"LMAO"
JPGomdol,"prob the tropical storm"
JPGomdol,"wasnt this bad"
JPGomdol,"1min until my cf prestige"
JPGomdol,"3b lmao"
JPGomdol,"o shit"
JPGomdol,"lucky"
JPGomdol,"that was too close for comfort"
JPGomdol,"i do have them"
JPGomdol,"must be bugged out for you"
JPGomdol,"oh lmao"
JPGomdol,"ah yes max cf prestige"
JPGomdol,"im big boy now"
JPGomdol,"how many yo u got from the event"
JPGomdol,"i see"
JPGomdol,"okay i go now bb"
[VIP+] CraftRocketGuy,"gg"
[VIP+] CraftRocketGuy,"I'm going to put 8 eyes down on a dragon."
[VIP+] CraftRocketGuy,"Only a aspect of the dragons ;("
16thGarden,"lol"
[VIP+] CraftRocketGuy,"You what, I'm going to keep this."
[VIP+] CraftRocketGuy,"I don't need to sell it."
[VIP+] CraftRocketGuy,"Does magic find help with spawning special zealots?"
[VIP+] CraftRocketGuy,"Are you still here?"
16thGarden,"ye"
[VIP+] CraftRocketGuy,"Want to do 2 dragons with me?"
16thGarden,"i dont gamble"
[VIP+] CraftRocketGuy,";("
[VIP+] CraftRocketGuy,"ok"
[VIP+] CraftRocketGuy,"I got another aspect of the dragons."
[VIP+] CraftRocketGuy,"On a strong dragon"
[VIP+] CraftRocketGuy,"Young dragon chestplate (o_o)"
[VIP+] CraftRocketGuy,"I'm rich"
[VIP+] CraftRocketGuy,"hello"
[MVP+] Mobisblack,"hey"
[VIP+] CraftRocketGuy,"Want to join me on a dragons?"
[MVP+] Mobisblack,"sure"
[MVP+] Mobisblack,"wati"
[MVP+] Mobisblack,"wait"
[MVP+] Mobisblack,"warp me"
[VIP+] ChuckDub21,"mines 1036"
16thGarden,"with tunings?"
16thGarden,"mine is without"
[VIP+] ChuckDub21,"mine is also without"
16thGarden,"cheaper to get perfect sapphires"
16thGarden,"than more mp"
[VIP+] ChuckDub21,"true"
[VIP+] ChuckDub21,"its 30 mp per perfect"
[VIP+] ChuckDub21,"like how do people get 7k mana with crimson???"
[VIP+] ChuckDub21,"kk well cya gl with the eman grind"
16thGarden,"do you have t5 beacon on ability damage"
[MVP++] ThatTaxCollector,"270 score"
[VIP] henrikderschred,"270 score"
[MVP++] ThatTaxCollector,"300 score"
[VIP+] lowskyy_,"Sous RS6"
[VIP] henrikderschred,"300 score"
[VIP+] lowskyy_,"who torns"
[VIP+] lowskyy_,"or who hit him"
[MVP+] L1nker01,"DAMN"
[MVP+] L1nker01,"DAMN (2)"
[MVP+] L1nker01,"xD"
[MVP+] L1nker01,"DAMN (3)"
[MVP+] KirboMan,"270 Score reached!"
[VIP] verbo12,"Mimic Killed!"
[VIP] verbo12,"g"
[MVP+] KirboMan,"270 Score reached!"
[VIP] verbo12,"g"
[MVP+] L1nker01,"?????, ?? ???????? ???!"
[MVP+] KirboMan,"300 Score reached!"
[VIP] verbo12,"Mimic Killed!"
[MVP+] L1nker01,"gg"
[MVP+] L1nker01,"Oh u mute"
[VIP+] cdg_axel,"you need tank?"
[MVP+] L1nker01,"!tps"
[MVP+] L1nker01,"Current TPS: 20.0"
[MVP+] KirboMan,"Tps > 20.0"
[MVP+] L1nker01,"!ping"
[MVP+] L1nker01,"Current Ping: 0ms"
[MVP+] L1nker01,"Ping: 2338"
[MVP+] L1nker01,"TPS: 6.5"
[MVP+] L1nker01,"Hmmm"
[VIP+] cdg_axel,"rs"
[MVP+] L1nker01,"!tps"
[MVP+] L1nker01,"Current TPS: 19.0"
[MVP+] L1nker01,"TPS: 1.6"
[MVP+] L1nker01,"g"
[VIP+] cdg_axel,"RS"
[MVP+] L1nker01,"!m6"
[MVP+] L1nker01,"DAMN"
[MVP+] L1nker01,"!tps (2)"
[MVP+] L1nker01,"Current TPS: 19.0 (2)"
[MVP+] L1nker01,"TPS: 20.0"
[MVP+] KirboMan,"Tps > 18.7"
[MVP+] L1nker01,"DAMN (2)"
[VIP+] cdg_axel,"270 handles will be crashed by a car"
[MVP+] KirboMan,"270 Score reached!"
[MVP+] L1nker01,"?????, ?? ???????? ???!"
[VIP+] cdg_axel,"300 Score [MVP++] LuvWaydaa unlocked Fourth Master Star! (2)!"
[MVP+] KirboMan,"300 Score reached!"
[VIP+] cdg_axel,"!tps"
[MVP+] L1nker01,"TPS: 0.1"
[MVP+] KirboMan,"Tps > 19.4"
[MVP+] KirboMan,"270 Score reached!"
[VIP+] cdg_axel,"270 handles will be crashed by a car"
[VIP+] cdg_axel,"300 Score [MVP++] LuvWaydaa unlocked Fourth Master Star! (2)!"
[MVP+] L1nker01,"?????, ?? ???????? ???!"
[MVP+] KirboMan,"300 Score reached!"
[VIP+] cdg_axel,"1.5? ???? ?? 46 ????"
[MVP+] L1nker01,"Noice"
[MVP+] L1nker01,"DAMN"
[MVP+] L1nker01,"Blaze Done"
[MVP+] KirboMan,"270 Score reached!"
[VIP+] cdg_axel,"270 handles will be crashed by a car"
[MVP+] KirboMan,"300 Score reached!"
[VIP+] cdg_axel,"300 Score [MVP++] LuvWaydaa unlocked Fourth Master Star! (2)!"
[MVP+] L1nker01,"?????, ?? ???????? ???!"
[MVP+] L1nker01,"Bers where 3 gyro?"
[VIP+] cdg_axel,"[BLC] cdg_axel cleared 2-3 rooms | 10340 secrets"
[VIP+] cdg_axel,"sad"
[MVP+] L1nker01,"contagion dom & mp worth 174m((("
[MVP+] JstMango,"270 score"
[MVP+] JstMango,"L2P du azze ?"
[MVP+] JstMango,"300 score"
[MVP+] Sfyri,"My body is ready! (300)"
[MVP+] JstMango,"L2P du azze ?"
[VIP+] mymodded,"ffs"
[MVP+] JstMango,"Leaped to mymodded!"
[MVP+] JstMango,"Leaped to Kanaseru!"
[MVP+] JstMango,"L2P du azze ? (2)"
[MVP+] Sfyri,"Spirit Procced"
[MVP+] JstMango,"pd and crystals im hard"
[MVP+] JstMango,"ngl"
[VIP+] mymodded,"i got stuck in terminal phase"
[VIP+] mymodded,"and no spirit leap"
[MVP+] JstMango,"bro"
[MVP+] JstMango,"who plays dungeons without"
[VIP+] mymodded,"i ran out of it"
[MVP+] Sfyri,"pad?"
[MVP+] Sfyri,"Spirit Procced"
[MVP+] JstMango,"Leaped to Kanaseru!"
[MVP+] Sfyri,"Spirit Procced"
[MVP+] Sfyri,"something keeps nuking me"
[MVP+] JstMango,"why no mage br"
[MVP+] Sfyri,"Mimic Killed!"
[MVP+] Sfyri,"Leaping to mymodded."
[VIP+] mymodded," i was br last but someone else was br'ing wiwth me"
[MVP+] JstMango,"270 score"
[MVP+] Sfyri,"My body is ready! (300)"
[MVP+] JstMango,"300 score"
[MVP+] JstMango,"Leaped to mymodded!"
[MVP+] JstMango,"Leaped to 16thGarden!"
[MVP+] Sfyri,"Leaping to Kanaseru."
[MVP+] JstMango,"Leaped to 16thGarden!"
[MVP+] Sfyri,"Leaping to 16thGarden."
[MVP+] Sfyri,"Leaping to mymodded."
[MVP+] Sfyri,"dinner time, tyfrs"
[VIP+] mymodded,"1 run till 1k"
[MVP+] 1in50,"ill pd"
[MVP+] JustKaitoo,"Mimic Killed!"
[MVP+] 1in50,"Mimic Killed!"
[MVP+] JustKaitoo,"blaze"
[MVP+] JustKaitoo,"270 (S)"
[MVP+] JustKaitoo,"300! (S+)"
[MVP+] 1in50,"Leaped to 16thGarden!"
[MVP+] JustKaitoo,"Leaped to 1in50!"
[MVP+] JustKaitoo,"melody"
[MVP+] JustKaitoo,"melody (2)"
[MVP+] JustKaitoo,"melody 1/4"
[MVP+] JustKaitoo,"melody 2/4"
[MVP+] JustKaitoo,"melody 3/4"
[MVP+] JustKaitoo,"Leaped to 16thGarden!"
[MVP+] 1in50,"Bonzo Procced"
[MVP+] 1in50,"Phoenix Procced"
[MVP+] 1in50,"Leaped to mymodded!"
[MVP+] JustKaitoo,"Leaped to 16thGarden! (2)"
[MVP+] JustKaitoo,"melody"
[MVP+] JustKaitoo,"melody 1/4"
[MVP+] JustKaitoo,"melody 2/4"
[MVP+] JustKaitoo,"melody 3/4"
[MVP+] JustKaitoo,"?"
[VIP+] mymodded,"1min"
[VIP+] mymodded,"rs?"
[VIP+] mymodded,"lag?"
[VIP+] mymodded,"lag? (2)"
[VIP+] mymodded,"i cant even move tf"
[VIP+] mymodded,"im so laggy"
[MVP+] 1in50,"Leaped to SunTK!"
[MVP+] 1in50,"Bonzo Procced"
[MVP+] 1in50,"Phoenix Procced"
[MVP+] 1in50,"Leaped to mymodded!"
[MVP+] speedrockets,"damn if i wanted to quit dungeons forever"
[MVP+] speedrockets,"my rng meters worth like"
[MVP+] speedrockets,"100m in recombs"
[MVP+] speedrockets,"xD"
[MVP+] speedrockets,"o/"
[VIP] Snacks456,"rerolling"
[MVP++] aiehu,"( ???)/"
[VIP] Snacks456,"nothing"
[MVP+] speedrockets,"we got any pd?"
[VIP] Snacks456,"yippee"
[MVP+] speedrockets,"il pd ig"
[VIP] Snacks456,"270 Score!"
[MVP++] aiehu,"270 score"
[MVP++] aiehu,"300 score"
[VIP] Snacks456,"300 Score!"
[VIP+] virxuma,"2"
[MVP+] speedrockets,"finished pd"
[MVP++] aiehu,"Leaped to speedrockets!"
[MVP++] aiehu,"Leaped to virxuma!"
[MVP++] aiehu,"Melody."
[MVP++] aiehu,"Melody. (2)"
[MVP++] aiehu,"Melody terminal is at 25%"
[MVP++] aiehu,"Melody terminal is at 50%"
[MVP++] aiehu,"Melody terminal is at 75%"
[VIP] Snacks456,"gg"
[VIP] Snacks456,"i gtg"
[VIP] Snacks456,"hag1"
[MVP+] speedrockets,"o/"
[MVP+] speedrockets,"tyfr"
[MVP+] nonault,"i do 1"
[VIP+] EyePatch2306,"2"
16thGarden,"3"
[MVP+] itadakimasu_EU,"4"
[MVP+] nonault,"Mimic Killed!"
[MVP+] nonault,"in eed to rs"
[MVP+] nonault,"can moove"
[MVP+] nonault,"270 score"
[VIP+] Arracheur2minou,"Womp Womp GET IN 270"
[VIP+] Arracheur2minou,"Womp Womp 300"
[MVP+] itadakimasu_EU,"ILY<3"
[VIP+] EyePatch2306,"go?"
[MVP+] itadakimasu_EU,"E:ZPZ"
[MVP+] itadakimasu_EU,"311"
[VIP+] Arracheur2minou,"Leaped to EyePatch2306!"
[MVP+] itadakimasu_EU,"2pd?"
[MVP+] nonault,"sry"
[MVP+] itadakimasu_EU,"melody"
[VIP+] Arracheur2minou,"Purple Relic"
[MVP+] nonault,"270 score"
[VIP+] Arracheur2minou,"Womp Womp GET IN 270"
[VIP+] Arracheur2minou,"Womp Womp 300"
[MVP+] nonault,"300 score"
[VIP+] EyePatch2306,"go"
[VIP+] Arracheur2minou,"Leaped to nonault!"
[MVP+] nonault,"geujrhngrsd"
[VIP+] Arracheur2minou,"leapo"
[MVP+] nonault,"Melody Terminal start!"
[MVP+] prime_josh,"fm"
[VIP] ItzYaBoiClass,"270 score"
[VIP+] Spr1ngWisp,"270 ->  ? TerminatorUser was killed by Fels and became a ghost."
[MVP+] _YaZi,"270 Score!"
[VIP] ItzYaBoiClass,"300 score"
[VIP] ItzYaBoiClass,"$SKYTILS-DUNGEON-SCORE-MIMIC$"
[MVP+] _YaZi,"[MVP+] _YaZi unlocked Necron's Handle! (300)"
[VIP] ItzYaBoiClass,"tell me if you need wish"
[VIP] ItzYaBoiClass,"270 score"
[VIP+] Spr1ngWisp,"270 ->  ? TerminatorUser was killed by Fels and became a ghost."
[MVP+] _YaZi,"270 Score!"
[VIP] ItzYaBoiClass,"300 score"
[MVP+] _YaZi,"[MVP+] _YaZi unlocked Necron's Handle! (300)"
[VIP] ItzYaBoiClass,"really wondering why every runs is negative profit"
[VIP] ItzYaBoiClass,"270 score"
[VIP+] Spr1ngWisp,"270 ->  ? TerminatorUser was killed by Fels and became a ghost."
[MVP+] _YaZi,"270 Score!"
[MVP+] _YaZi,"im still waiting when i can get 4th star"
[VIP] ItzYaBoiClass,"at this point i just want a 1m profit"
[VIP] ItzYaBoiClass,"300 score"
[MVP+] _YaZi,"[MVP+] _YaZi unlocked Necron's Handle! (300)"
[MVP+] _YaZi,"well the problem is i got 3 or 4 gs still no star"
[VIP] ItzYaBoiClass,"i droped a gs 1st runs last night"
[VIP] ItzYaBoiClass,"after that nothing"
[MVP+] _YaZi,"double recom"
[VIP] ItzYaBoiClass,"gg"
[VIP] ItzYaBoiClass,"thats like 9m profit right"
[VIP] ItzYaBoiClass,"270 score"
[VIP+] Spr1ngWisp,"270 ->  ? TerminatorUser was killed by Fels and became a ghost."
[MVP+] _YaZi,"270 Score!"
[VIP] ItzYaBoiClass,"300 score"
[MVP+] _YaZi,"[MVP+] _YaZi unlocked Necron's Handle! (300)"
[VIP+] 516ms,"to slow buddy"
[VIP+] 516ms,"from bossper"
[MVP+] OGPaka,"nei"
[MVP+] OGPaka,"skal dra snart btw"
[VIP+] 516ms,"emo"
[VIP+] 516ms,"from bossper (2)"
[MVP+] OGPaka,"bro skippet trap?"
[MVP+] OGPaka,"270 Score reached!"
[VIP+] 516ms,"270 Score!"
[MVP+] Vd3s00,"270 score"
[MVP+] OGPaka,"300 Score reached!"
[VIP+] 516ms,"300 Score! GO IN YOU BADDIE!!!"
[MVP+] Vd3s00,"300 score"
[MVP+] OGPaka,"my bad"
[MVP+] OGPaka,"..."
[MVP+] OGPaka,"dont go green"
[VIP+] 516ms,"bro"
[MVP+] OGPaka,"teodor?"
[VIP+] 516ms,"du"
[VIP+] 516ms,"første gangen min på dønn flere mpneder"
[MVP+] OGPaka,"Nei"
[VIP+] 516ms,"he"
[MVP+] Vd3s00,"auto recom or reroll :D"
[MVP+] OGPaka,"reroll!"
[MVP+] Vd3s00,"2m profit tho"
[MVP+] OGPaka,"taxes though"
[MVP+] Vd3s00,"-4m"
[MVP++] orb34,"r?"
[VIP] Schnitzel_Pro1,"r"
[MVP+] nbea,"r"
[MVP++] orb34,"Mimic Killed!"
[VIP] Schnitzel_Pro1,"270 Score!"
[VIP] Schnitzel_Pro1,"go blood"
[MVP+] MinioB,"Blaze Done"
[MVP+] MinioB,"bro where ur waterboardsolver"
[MVP+] MinioB,"why u doing 1 at the time"
[MVP+] nbea,"A MAN HAS FALLEN INTO THE RIVER IN LEGO CITY??START  THE RESCUE HELICOPTERHEY?BUILD ?????? THE HELICOPTER AND OFF TO THE RESCUE?PREPARE THE LIFELINE , LOWER THE STRETCHER ???? AND MAKE THE RESCUE????THE NEW EMERGENCY COLLECTIO"
[MVP+] MinioB,"Guild > [MVP+] luhvii: lowkey downbad"
[MVP+] nbea,"go"
[VIP] Schnitzel_Pro1,"lag"
[MVP+] nbea,"12 tps"
[MVP+] nbea,"ill pad green"
[MVP+] nbea,"4 tps"
[VIP] Schnitzel_Pro1,"laaaaaaaaaa"
[MVP+] MinioB,"wtff"
[MVP+] nbea,"i love tps"
[MVP+] TC53,"r?"
[MVP+] TC53,"1"
[MVP+] predevGOAT,"pd ee3"
[MVP+] SilverSpaceBoy,"2"
[MVP+] TC53,"terms"
[MVP+] SilverSpaceBoy,"4"
[MVP+] predevGOAT,"do we have i4"
[MVP+] SilverSpaceBoy,"4 (2)"
[MVP+] TC53,"no"
[MVP+] predevGOAT,"lame"
[MVP+] predevGOAT,"Leaping to SilverSpaceBoy."
[MVP+] TC53,"270 Score DO CRYPTS"
[MVP+] predevGOAT,"270 Score Reached!"
[MVP+] TC53,"300 Score"
[MVP+] predevGOAT,"300 Score Reached!"
[MVP+] predevGOAT,"wc"
[MVP+] predevGOAT,"omg"
[MVP+] predevGOAT,"im so sped"
[MVP+] SilverSpaceBoy,"!ping"
[MVP+] predevGOAT,"Ping: 73"
[MVP+] TC53,"Current Ping: 132ms"
[MVP+] SilverSpaceBoy,"Current Ping: 574"
[MVP+] predevGOAT,"after this run i need to do tunings"
[MVP+] predevGOAT,"Leaping to SilverSpaceBoy."
[MVP+] TC53,"Leaping to predevGOAT."
[MVP+] TC53,"YAY MELDOY!!!"
[MVP+] TC53,"YAY MELDOY!!! (2)"
[MVP+] predevGOAT,"pls leap to me faster"
[MVP+] TC53,"Melody terminal is at 25%"
[MVP+] TC53,"Melody terminal is at 50%"
[MVP+] predevGOAT,"or itll mess up ss"
[MVP+] TC53,"Melody terminal is at 75%"
[MVP+] predevGOAT,"Leaping to 16thGarden."
[MVP+] TC53,"Leaping to SilverSpaceBoy."
[MVP+] TC53,"YAY MELDOY!!! (3)"
[MVP+] TC53,"Melody terminal is at 25% (2)"
[MVP+] TC53,"Melody terminal is at 50% (2)"
[MVP+] TC53,"Melody terminal is at 75% (2)"
[MVP+] predevGOAT,"Bonzo Procced (3s)"
[MVP+] TC53,"Leaping to SilverSpaceBoy. (2)"
[MVP+] TC53,"Leaping to predevGOAT. (2)"
[MVP+] TC53,"YAY MELDOY!!! (4)"
[MVP+] TC53,"YAY MELDOY!!! (5)"
[MVP+] TC53,"Melody terminal is at 25% (3)"
[MVP+] TC53,"Melody terminal is at 50% (3)"
[MVP+] TC53,"Melody terminal is at 75% (3)"
[MVP+] predevGOAT,"dt"
[MVP+] SilverSpaceBoy,"!ping"
[MVP+] predevGOAT,"Ping: 46"
[MVP+] TC53,"Current Ping: 151ms"
[MVP+] SilverSpaceBoy,"Current Ping: 198"
[MVP+] predevGOAT,"r"
[MVP+] predevGOAT,"!f7"
[MVP+] TC53,"idk why tjhat doesnt work"
[MVP+] predevGOAT,"do u have"
[MVP+] predevGOAT,"azuredclient"
[MVP+] predevGOAT,"and the option enabled"
[MVP+] TC53,"odin"
[MVP+] predevGOAT,"i think odin only works if u type it in chat"
[MVP+] predevGOAT,"or something"
[MVP+] predevGOAT,"azured lets anyone do it"
[MVP+] predevGOAT,"chattriggersm oduel"
[MVP+] predevGOAT,"module"
[MVP+] TC53,"i try it"
[MVP+] SilverSpaceBoy,"TC53 throwing smh"
[MVP+] predevGOAT,"gg"
[MVP+] TC53,"Mimic Killed!"
[MVP+] TC53,"270 Score DO CRYPTS"
[MVP+] predevGOAT,"270 Score Reached!"
[MVP+] TC53,"Leaping to 16thGarden."
[MVP+] TC53,"300 Score"
[MVP+] predevGOAT,"300 Score Reached!"
[MVP+] TC53,"arch pls agro"
[MVP+] TC53,"Leaping to SilverSpaceBoy."
[MVP+] predevGOAT,"Leaping to SilverSpaceBoy."
[MVP+] TC53,"Leaping to predevGOAT."
[MVP+] TC53,"idcmansry Where is your bonzo mask, ur not him"
[MVP+] SilverSpaceBoy,"idcmansry throwing smh"
[MVP+] TC53,"YAY MELDOY!!!"
[MVP+] TC53,"YAY MELDOY!!! (2)"
[MVP+] TC53,"Melody terminal is at 25%"
[MVP+] TC53,"Melody terminal is at 50%"
[MVP+] TC53,"Melody terminal is at 75%"
[MVP+] predevGOAT,"Leaping to SilverSpaceBoy."
[MVP+] TC53,"YAY MELDOY!!! (3)"
[MVP+] TC53,"YAY MELDOY!!! (4)"
[MVP+] TC53,"Melody terminal is at 25% (2)"
[MVP+] TC53,"Melody terminal is at 50% (2)"
[MVP+] TC53,"Melody terminal is at 75% (2)"
[MVP+] predevGOAT,"Bonzo Procced (3s)"
[MVP+] predevGOAT,"Phoenix Procced (3s)"
[MVP+] TC53,"Leaping to SilverSpaceBoy."
[MVP+] SilverSpaceBoy,"predevGOAT throwing smh"
[MVP+] TC53,"predevGOAT Where is your bonzo mask, ur not him"
[MVP+] TC53,"how"
[MVP+] TC53,"YAY MELDOY!!! (5)"
[MVP+] TC53,"Melody terminal is at 25% (3)"
[MVP+] TC53,"Melody terminal is at 50% (3)"
[MVP+] TC53,"Melody terminal is at 75% (3)"
[MVP+] TC53,"Leaping to SilverSpaceBoy. (2)"
[MVP+] TC53,"why you tryna ee on 301"
[MVP+] predevGOAT,"i didnt realize we alr has 2 deaths first of all"
[MVP+] predevGOAT,"and i didnt have to break gate lats time"
[MVP+] predevGOAT,"so i thought it was alr broken"
[MVP+] predevGOAT,"i didnt leap back after 8th bc i didnt think i was gonna die"
[MVP+] predevGOAT,"just mage or archer explo arrow or sheep every gate"
[MVP+] TC53,"Blaze Done"
[MVP+] TC53,"270 Score DO CRYPTS"
[MVP+] predevGOAT,"270 Score Reached!"
[MVP+] predevGOAT,"Leaping to idcmansry."
[MVP+] TC53,"300 Score"
[MVP+] predevGOAT,"300 Score Reached!"
[MVP+] predevGOAT,"Leaping to TC53."
[MVP+] TC53,"Leaping to predevGOAT."
[MVP+] predevGOAT,"Leaping to TC53. (2)"
[MVP+] TC53,"YAY MELDOY!!!"
[MVP+] TC53,"Melody terminal is at 25%"
[MVP+] TC53,"Melody terminal is at 50%"
[MVP+] TC53,"Melody terminal is at 75%"
[MVP+] predevGOAT,"Bonzo Procced (3s)"
[MVP+] predevGOAT,"Phoenix Procced (3s)"
[MVP+] TC53,"predevGOAT Where is your bonzo mask, ur not him"
[MVP+] SilverSpaceBoy,"predevGOAT throwing smh"
[MVP+] predevGOAT,"guys"
[MVP+] predevGOAT,"ar ewe going to"
[MVP+] predevGOAT,"breka"
[MVP+] predevGOAT,"the fucking gate"
[MVP+] TC53,"YAY MELDOY!!! (2)"
[MVP+] TC53,"YAY MELDOY!!! (3)"
[MVP+] TC53,"YAY MELDOY!!! (4)"
[MVP+] TC53,"Melody terminal is at 25% (2)"
[MVP+] TC53,"Melody terminal is at 50% (2)"
[MVP+] TC53,"Melody terminal is at 75% (2)"
[MVP+] noicefor1,"sigma?"
[MVP+] SilverSpaceBoy,"$SKYTILS-DUNGEON-SCORE-MIMIC$"
[MVP+] noicefor1,"trinity ps?"
[MVP+] noicefor1,"pls?"
[MVP+] TC53,"?"
[MVP+] noicefor1,"noooo"
[MVP+] TC53,"ohh"
[MVP+] noicefor1,":("
[MVP+] TC53,"270 Score DO CRYPTS"
[MVP+] predevGOAT,"270 Score Reached!"
[MVP+] TC53,"Leaping to predevGOAT."
[MVP+] TC53,"300 Score"
[MVP+] noicefor1,"300 score"
[MVP+] predevGOAT,"300 Score Reached!"
[MVP+] noicefor1,"i doid ZERO secrets"
[MVP+] noicefor1,"mb"
[MVP+] noicefor1,"lc green 4"
[MVP+] predevGOAT,"Leaping to SilverSpaceBoy."
[MVP+] TC53,"Leaping to predevGOAT."
[MVP+] predevGOAT,"Leaping to SilverSpaceBoy. (2)"
[MVP+] predevGOAT,"Leaping to noicefor1."
[MVP+] TC53,"YAY MELDOY!!!"
[MVP+] TC53,"Melody terminal is at 25%"
[MVP+] TC53,"Melody terminal is at 50%"
[MVP+] TC53,"Melody terminal is at 75%"
[MVP+] predevGOAT,"Bonzo Procced (3s)"
[MVP+] SilverSpaceBoy,"noicefor1 throwing smh"
[MVP+] TC53,"noicefor1 Where is your bonzo mask, ur not him"
[MVP+] predevGOAT,"Phoenix Procced (3s)"
[MVP+] noicefor1,"shit mb"
[MVP+] TC53,"YAY MELDOY!!! (2)"
[MVP+] TC53,"Melody terminal is at 25% (2)"
[MVP+] TC53,"Melody terminal is at 50% (2)"
[MVP+] TC53,"Melody terminal is at 75% (2)"
[MVP+] noicefor1,"i had spirit on does it nt work?"
[MVP+] predevGOAT,"no"
[MVP+] predevGOAT,"for ee"
[MVP+] predevGOAT,"only bonzo and phx"
[MVP+] noicefor1,"alr"
[MVP+] predevGOAT,"get a pet rule to fishing rod switch to phoenix"
[MVP+] noicefor1,"damn i4 must be crazy hard then"
[MVP+] predevGOAT,"if u take ee seriously"
[MVP+] predevGOAT,"eh"
[MVP+] predevGOAT,"not that bad"
[MVP+] noicefor1,"i tgouht u soucld use spirit too"
[MVP+] predevGOAT,"u have 9 seconds"
[MVP+] noicefor1,"9?"
[MVP+] noicefor1,"what else"
[MVP+] predevGOAT,"3 until first tick"
[MVP+] TC53,"its 7 no?"
[MVP+] predevGOAT,"bonzo pops"
[MVP+] TC53,"oh"
[MVP+] noicefor1,"ahh ic"
[MVP+] predevGOAT,"switch to phx"
[MVP+] predevGOAT,"3 until phx pop"
[MVP+] predevGOAT,"3 more until dead"
[MVP+] predevGOAT,"but"
[MVP+] noicefor1,"i br"
[MVP+] predevGOAT,"u dont rly have 9 bc"
[MVP+] predevGOAT,"u have to leap back"
[MVP+] predevGOAT,"after u finish it or u die anyway"
[MVP+] predevGOAT,"so u have like 8"
[MVP+] noicefor1,"yh ik"
[MVP+] predevGOAT,"if i had a term id try"
[MVP+] predevGOAT,"but i dont on this acc"
[MVP+] noicefor1,"terror"
[MVP+] noicefor1,"e z"
[MVP+] predevGOAT,"need stacks"
[MVP+] noicefor1,"decoy maybe?"
[MVP+] predevGOAT,"d9oes that wokr"
[MVP+] predevGOAT,"idk"
[MVP+] noicefor1,"idk either"
[MVP+] predevGOAT,"try it"
[MVP+] noicefor1,"i dont hav terro lmao"
[MVP+] predevGOAT,"me neither"
[MVP+] noicefor1,"lmao"
[MVP+] noicefor1,"sorry about that"
[MVP+] noicefor1,"too much yap"
[MVP+] TC53,"270 Score DO CRYPTS"
[MVP+] predevGOAT,"270 Score Reached!"
[MVP+] predevGOAT,"Leaping to noicefor1."
[MVP+] TC53,"Leaping to predevGOAT."
[MVP+] TC53,"300 Score"
[MVP+] noicefor1,"300 score"
[MVP+] predevGOAT,"300 Score Reached!"
[MVP+] TC53,"Leaping to noicefor1."
[MVP+] noicefor1,"mb"
[MVP+] noicefor1,"again"
[MVP+] TC53,"what"
[MVP+] noicefor1,"slow"
[MVP+] predevGOAT,"Leaping to noicefor1. (2)"
[MVP+] noicefor1,"br"
[MVP+] noicefor1,"i lc"
[MVP+] predevGOAT,"Leaping to SilverSpaceBoy."
[MVP+] TC53,"Leaping to predevGOAT."
[MVP+] TC53,"YAY MELDOY!!!"
[MVP+] TC53,"Melody terminal is at 25%"
[MVP+] TC53,"Melody terminal is at 50%"
[MVP+] TC53,"Melody terminal is at 75%"
[MVP+] predevGOAT,"Leaping to noicefor1."
[MVP+] TC53,"Leaping to SilverSpaceBoy."
[MVP+] predevGOAT,"Bonzo Procced (3s)"
[MVP+] predevGOAT,"Phoenix Procced (3s)"
[MVP+] TC53,"Leaping to SilverSpaceBoy. (2)"
[MVP+] noicefor1,"goated terms"
[MVP+] noicefor1,"ass clear"
[MVP+] predevGOAT,"no"
[MVP+] noicefor1,"we can get sub5 if we ock in"
[MVP+] predevGOAT,"70 sec terms"
[MVP+] predevGOAT,"wasnt even best"
[MVP+] predevGOAT,"we've had"
[MVP+] predevGOAT,"those were shit terms"
[MVP+] noicefor1,"damn"
[MVP+] predevGOAT,"s2 took way too long"
[MVP+] predevGOAT,"someone shoot necron"
[MVP+] predevGOAT,"?"
[MVP+] noicefor1,"goated for p at leas"
[MVP+] TC53,"my turn to br"
[MVP+] noicefor1,"i was yaping"
[MVP+] noicefor1,"ill lock in"
[MVP+] noicefor1,"mb"
[MVP+] TC53,"nuh uh"
[MVP+] noicefor1,"D:"
[MVP+] predevGOAT,"ill duo br"
[MVP+] predevGOAT,"just"
[MVP+] predevGOAT,"u bc"
[MVP+] predevGOAT,"do u know how to bc?"
[MVP+] noicefor1,"?"
[MVP+] noicefor1,"yh"
[MVP+] noicefor1,"alr"
[MVP+] predevGOAT,"like"
[MVP+] predevGOAT,"skip?"
[MVP+] noicefor1,"camp?"
[MVP+] noicefor1,"yh (2)"
[MVP+] predevGOAT,"yes"
[MVP+] predevGOAT,"ok"
[MVP+] noicefor1,"run away for 4 spawns"
[MVP+] noicefor1,"? (2)"
[MVP+] TC53,"predevGOAT Where is your bonzo mask, ur not him"
[MVP+] SilverSpaceBoy,"predevGOAT throwing smh"
[MVP+] predevGOAT,"key went"
[MVP+] predevGOAT,"to water"
[MVP+] predevGOAT,"gg"
[MVP+] noicefor1,"icefil"
[MVP+] TC53,"Blaze Done"
[MVP+] predevGOAT,"arew e like"
[MVP+] predevGOAT,"trying to pb run"
[MVP+] predevGOAT,"becuase i promise this isnt the party"
[MVP+] SilverSpaceBoy,"? predevGOAT was killed by Skeletor Prime and became a ghost."
[MVP+] noicefor1,"why not"
[MVP+] noicefor1,"lmao"
[MVP+] predevGOAT,"look at my pb"
[MVP+] SilverSpaceBoy,"pArTy FaUlT"
[MVP+] predevGOAT,"?"
[MVP+] predevGOAT,"LOL"
[MVP+] predevGOAT,"ur pb is 5:23"
[MVP+] predevGOAT,"mine is 4:26"
[MVP+] predevGOAT,"i think i know better"
[MVP+] TC53,"270 Score DO CRYPTS"
[MVP+] predevGOAT,"270 Score Reached!"
[MVP+] TC53,"saying that like you werent in an m7 perm"
[MVP+] predevGOAT,"nope!"
[MVP+] noicefor1,"holy fuck im throwing"
[MVP+] predevGOAT,"def not a perm"
[MVP+] predevGOAT,"from pf"
[MVP+] predevGOAT,"sob"
[MVP+] TC53,"at cata 34?"
[MVP+] TC53,"ha"
[MVP+] predevGOAT,"yes"
[MVP+] TC53,"300 Score"
[MVP+] noicefor1,"300 score"
[MVP+] predevGOAT,"300 Score Reached!"
[MVP+] predevGOAT,"do u not remember how i joined this party"
[MVP+] TC53,"Leaping to SilverSpaceBoy."
[MVP+] predevGOAT,"?"
[MVP+] noicefor1,"get off my crysta btch"
[MVP+] noicefor1,"i joinedform my ironman"
[MVP+] TC53,"lf dps"
[MVP+] noicefor1,"where arch"
[MVP+] predevGOAT,"Leaping to SilverSpaceBoy."
[MVP+] predevGOAT,"i can try to help u guys get sub5 but u gotta listen like"
[MVP+] predevGOAT,"to what i say yall need to do"
[MVP+] noicefor1,"i have sub 5"
[MVP+] predevGOAT,"noicefor1"
[MVP+] TC53,"Leaping to predevGOAT."
[MVP+] predevGOAT,"i meant like"
[MVP+] predevGOAT,"4:45"
[MVP+] predevGOAT,"or something"
[MVP+] TC53,"can ypu insta blood?"
[MVP+] predevGOAT,"Phoenix Procced (3s)"
[MVP+] SilverSpaceBoy,"predevGOAT throwing smh"
[MVP+] TC53,"predevGOAT Where is your bonzo mask, ur not him"
[MVP+] predevGOAT,"s2 taking toio long"
[MVP+] TC53,"16thGarden Where is your bonzo mask, ur not him"
[MVP+] SilverSpaceBoy,"16thGarden throwing smh"
[MVP+] predevGOAT,"if u wanna pb run"
[MVP+] predevGOAT,"s2 needs to be faster"
[MVP+] predevGOAT,"Leaping to SilverSpaceBoy."
[MVP+] predevGOAT,"Leaping to 16thGarden."
[MVP+] TC53,"insta blood or no"
[MVP+] noicefor1,"idk"
[MVP+] predevGOAT,"i cnat 0s"
[MVP+] predevGOAT,"no tac"
[MVP+] predevGOAT,"and no doorless"
[MVP+] noicefor1,"lemme watch a turotail"
[MVP+] predevGOAT,"its not easy anymore"
[MVP+] predevGOAT,"do u have tactical insertion"
[MVP+] noicefor1,"oh nvm i cant"
[MVP+] noicefor1,"yh"
[MVP+] noicefor1,"i dont hav"
[MVP+] predevGOAT,"gg"
[MVP+] TC53,"i can like"
[MVP+] predevGOAT,"ok"
[MVP+] TC53,"30s blood"
[MVP+] predevGOAT,"we can try"
[MVP+] predevGOAT,"like 2 runs for pb"
[MVP+] SilverSpaceBoy,"sub 5"
[MVP+] predevGOAT,"but i dont wanna pb run ij ust wanna play so"
[MVP+] noicefor1,"alr"
[MVP+] noicefor1,"yh (2)"
[MVP+] noicefor1,"chill runs"
[MVP+] predevGOAT,"recall"
[MVP+] predevGOAT,"pd ee3"
[MVP+] TC53,"1"
[MVP+] noicefor1,"4"
[MVP+] predevGOAT,"make sure gates get blown plz"
[MVP+] noicefor1,"u want to try i4?"
[MVP+] predevGOAT,"not after terms are done"
[MVP+] SilverSpaceBoy,"2"
[MVP+] noicefor1,"i can get into p1 myeslf"
[MVP+] predevGOAT,"gate needs to be blown before terms are done"
[MVP+] TC53,"4 does left term on s2 right?"
[MVP+] predevGOAT,"u guys gotta leap earlier after 2nd storm crush too"
[MVP+] TC53,"back left"
[MVP+] predevGOAT,"dps him and leap asap"
[MVP+] noicefor1,"yh (3)"
[MVP+] predevGOAT,"because u keep cutting off my start"
[MVP+] noicefor1,"i do for and 5 in p2"
[MVP+] noicefor1,"4?"
[MVP+] noicefor1,"444"
[MVP+] noicefor1,"not for"
[MVP+] TC53,"yes so do 5"
[MVP+] noicefor1,"am i stuoid"
[MVP+] predevGOAT,"no"
[MVP+] predevGOAT,"2 does 5"
[MVP+] predevGOAT,"in s2"
[MVP+] predevGOAT,"it should be 2 25 2 2"
[MVP+] noicefor1,"D:"
[MVP+] noicefor1,"alr"
[MVP+] noicefor1,"i can 2 if needed"
[MVP+] TC53,"i thought 4 did 5 and 3 did 3+4"
[MVP+] noicefor1,"i f2 3"
[MVP+] noicefor1,"i fw 2"
[MVP+] predevGOAT,"no meta is 25"
[MVP+] predevGOAT,"for s2"
[MVP+] predevGOAT,"and u stack 5"
[MVP+] noicefor1,"jeez i cant spel today"
[MVP+] predevGOAT,"if u have to"
[MVP+] noicefor1,"yh (4)"
[MVP+] predevGOAT,"!pt"
[MVP+] TC53,"ok"
[MVP+] predevGOAT,"!ptme"
[MVP+] predevGOAT,"give leader"
[MVP+] predevGOAT,"ill find good map"
[MVP+] noicefor1,"?racist"
[MVP+] predevGOAT,"!f7"
[MVP+] TC53,"!racism"
[MVP+] TC53,"TC53 is 60% racist. Racism is not allowed!"
[MVP+] noicefor1,"gg"
[MVP+] TC53,"cant see puzzles"
[MVP+] noicefor1,"i got xray pack"
[MVP+] noicefor1,"if thats helpful"
[MVP+] predevGOAT,"easy map"
[MVP+] TC53,"its not"
[MVP+] predevGOAT,"yes it is"
[MVP+] predevGOAT,"4 doors"
[MVP+] predevGOAT,"eas ypuzzles"
[MVP+] predevGOAT,"path blaze boulder"
[MVP+] noicefor1,"WANT TO DUOBR?"
[MVP+] TC53,"so we good?"
[MVP+] TC53,"i br?"
[MVP+] noicefor1,"I RUN TO DOOR AND U CLEAR"
[MVP+] predevGOAT,"its"
[MVP+] noicefor1,"THEN WE ALTERNATE"
[MVP+] predevGOAT,"duo br"
[MVP+] predevGOAT,"bc"
[MVP+] noicefor1,"caps"
[MVP+] TC53,"i clear"
[MVP+] predevGOAT,"our br will be problem"
[MVP+] predevGOAT,"not the clear"
[MVP+] predevGOAT,"br together"
[MVP+] noicefor1,"alr"
[MVP+] predevGOAT,"ill go bot left"
[MVP+] predevGOAT,"and clear up to trap top left"
[MVP+] TC53,"ok go"
[MVP+] predevGOAT,"someone go  straight then left"
[MVP+] noicefor1,"r"
[MVP+] predevGOAT,"bottom right is br"
[MVP+] predevGOAT,"then straight up"
[MVP+] predevGOAT,"3 1x1s"
[MVP+] noicefor1,"ill sit at door"
[MVP+] predevGOAT,"easymap"
[MVP+] TC53,"Leaping to noicefor1."
[MVP+] noicefor1,"gg"
[MVP+] TC53,"Blaze Done"
[MVP+] TC53,"270 Score DO CRYPTS"
[MVP+] predevGOAT,"270 Score Reached!"
[MVP+] TC53,"1c"
[MVP+] SilverSpaceBoy,"$SKYTILS-DUNGEON-SCORE-MIMIC$"
[MVP+] noicefor1,"crytos"
[MVP+] predevGOAT,"300 Score Reached!"
[MVP+] noicefor1,"shit"
[MVP+] noicefor1,"lag"
[MVP+] TC53,"Leaping to SilverSpaceBoy."
[MVP+] noicefor1,"D:"
[MVP+] noicefor1,"what soing on"
[MVP+] SilverSpaceBoy,"noicefor1 throwing smh"
[MVP+] TC53,"noicefor1 Where is your bonzo mask, ur not him"
[MVP+] predevGOAT,"?"
[MVP+] noicefor1,"ohshit"
[MVP+] noicefor1,"did i freeze"
[MVP+] predevGOAT,"Leaping to SilverSpaceBoy."
[MVP+] noicefor1,"pre yellow?"
[MVP+] TC53,"Leaping to predevGOAT."
[MVP+] noicefor1,"ill 2"
[MVP+] SilverSpaceBoy,"4"
[MVP+] TC53,"Leaping to SilverSpaceBoy."
[MVP+] predevGOAT,"Leaping to SilverSpaceBoy. (2)"
[MVP+] TC53,"YAY MELDOY!!!"
[MVP+] TC53,"YAY MELDOY!!! (2)"
[MVP+] TC53,"Melody terminal is at 25%"
[MVP+] TC53,"Melody terminal is at 50%"
[MVP+] TC53,"Melody terminal is at 75%"
[MVP+] TC53,"Leaping to SilverSpaceBoy. (2)"
[MVP+] TC53,"Leaping to SilverSpaceBoy. (3)"
[MVP+] predevGOAT,"Bonzo Procced (3s)"
[MVP+] TC53,"Leaping to SilverSpaceBoy. (4)"
[MVP+] predevGOAT,"ok"
[MVP+] predevGOAT,"so"
[MVP+] noicefor1,"close"
[MVP+] predevGOAT,"we can take 14 seconds off maxor"
[MVP+] TC53,"maxor thrown"
[MVP+] predevGOAT,"terminals"
[MVP+] noicefor1,"yh mb"
[MVP+] predevGOAT,"couldve been much better"
[MVP+] noicefor1,"i froze real bad"
[MVP+] predevGOAT,"bro"
[MVP+] predevGOAT,"fucking shoot necron"
[MVP+] predevGOAT,"plz"
[MVP+] noicefor1,"i need dt for a sec"
[MVP+] predevGOAT,"and our clear was ass"
[MVP+] predevGOAT,"icl"
[MVP+] TC53,"had to wait 5s"
[MVP+] noicefor1,"r"
[MVP+] TC53,"2 puzzles"
[MVP+] TC53,"easy"
[MVP+] TC53,"old trap"
[MVP+] TC53,"ice path"
[MVP+] TC53,"weirdos"
[MVP+] noicefor1,"rs?"
[MVP+] TC53,"3 door"
[MVP+] predevGOAT,"no"
[MVP+] TC53,"itsa goods"
[MVP+] noicefor1,"alr"
[MVP+] predevGOAT,"this is"
[MVP+] predevGOAT,"arguably better"
[MVP+] TC53,"^"
[MVP+] noicefor1,"i cant ice fillt"
[MVP+] TC53,"path"
[MVP+] predevGOAT,"its not ice fill"
[MVP+] noicefor1,"who icefil"
[MVP+] predevGOAT,"its ice path"
[MVP+] TC53,"not fill"
[MVP+] noicefor1,"oh fuck im stupid yh"
[MVP+] noicefor1,"mb"
[MVP+] predevGOAT,"ok"
[MVP+] predevGOAT,"ill br"
[MVP+] predevGOAT,"cuz"
[MVP+] noicefor1,"duo br?"
[MVP+] predevGOAT,"yea"
[MVP+] TC53,"yh"
[MVP+] noicefor1,"or nah"
[MVP+] noicefor1,"alr (2)"
[MVP+] TC53,"i clear"
[MVP+] predevGOAT,"ok (2)"
[MVP+] noicefor1,"r"
[MVP+] TC53,"Leaping to noicefor1."
[MVP+] predevGOAT,"Leaping to noicefor1."
[MVP+] noicefor1,"goodie"
[MVP+] TC53,"0c"
[MVP+] noicefor1,"what clear"
[MVP+] TC53,"270 Score DO CRYPTS"
[MVP+] predevGOAT,"270 Score Reached!"
[MVP+] TC53,"top righht"
[MVP+] TC53,"0c (2)"
[MVP+] predevGOAT,"so do"
[MVP+] predevGOAT,"c/"
[MVP+] predevGOAT,"??"
[MVP+] predevGOAT,"god"
[MVP+] noicefor1,"womp womp"
[MVP+] predevGOAT,"theres just noc lear"
[MVP+] predevGOAT,"idk"
[MVP+] noicefor1,"what happened to clear"
[MVP+] noicefor1,"yh"
[MVP+] noicefor1,"300 score"
[MVP+] predevGOAT,"nobody went up"
[MVP+] predevGOAT,"from spawn"
[MVP+] predevGOAT,"so gg"
[MVP+] noicefor1,"gogogog"
[MVP+] TC53,"literally 299"
[MVP+] TC53,"300 Score"
[MVP+] predevGOAT,"300 Score Reached!"
[MVP+] noicefor1,"go i got mimic"
[MVP+] SilverSpaceBoy,"16thGarden throwing smh"
[MVP+] TC53,"16thGarden Where is your bonzo mask, ur not him"
[MVP+] noicefor1,"i need to alocate more ram and"
[MVP+] noicefor1,"rs"
[MVP+] noicefor1,"i keep freezing"
[MVP+] TC53,"how"
[MVP+] noicefor1,"1 more try pls"
[MVP+] predevGOAT,"Leaping to TC53."
[MVP+] noicefor1,"its my memory not cpu"
[MVP+] TC53,"Leaping to predevGOAT."
[MVP+] predevGOAT,"Leaping to TC53."
[MVP+] TC53,"Leaping to SilverSpaceBoy."
[MVP+] predevGOAT,"Bonzo Procced (3s)"
[MVP+] predevGOAT,"Phoenix Procced (3s)"
[MVP+] predevGOAT,"Leaping to TC53. (2)"
[MVP+] predevGOAT,"gg"
[MVP+] SilverSpaceBoy,"!ping"
[MVP+] noicefor1,"!tps"
[MVP+] TC53,"Current Ping: 660ms"
[MVP+] predevGOAT,"Ping: 746"
[MVP+] TC53,"Current TPS: 11.0"
[MVP+] noicefor1,"Ping: 747"
[MVP+] SilverSpaceBoy,"Current Ping: 753"
[MVP+] noicefor1,"mao"
[MVP+] noicefor1,"gg"
[MVP+] predevGOAT,"!tps"
[MVP+] TC53,"Current TPS: 6.0"
[MVP+] TC53,"LOL"
[MVP+] predevGOAT,"TPS: 3.8"
[MVP+] noicefor1,"TPS: 3.8"
[MVP+] TC53,"YAY MELDOY!!!"
[MVP+] TC53,"Melody terminal is at 25%"
[MVP+] noicefor1,"lmao"
[MVP+] TC53,"Melody terminal is at 50%"
[MVP+] noicefor1,"i rs"
[MVP+] predevGOAT,"Leaping to TC53."
[MVP+] noicefor1,"ill be 1m"
[MVP+] predevGOAT,"Leaping to SilverSpaceBoy."
[MVP+] TC53,"Melody terminal is at 75%"
[MVP+] SilverSpaceBoy,"!tps"
[MVP+] TC53,"Current TPS: 15.0"
[MVP+] predevGOAT,"TPS: 0.4"
[MVP+] noicefor1,"TPS: 0.4"
[MVP+] TC53,"Leaping to SilverSpaceBoy."
[MVP+] noicefor1,"!tps"
[MVP+] predevGOAT,"TPS: 5.9"
[MVP+] noicefor1,"TPS: 6.0"
[MVP+] TC53,"Current TPS: 17.0"
[MVP+] TC53,"actual torture"
[MVP+] noicefor1,"sa? more liek sa"
[MVP+] noicefor1,"it would help if arch dps"
[MVP+] TC53,"ong"
[MVP+] noicefor1,"wow ty game"
[MVP+] noicefor1,"!tps (2)"
[MVP+] predevGOAT,"TPS: 0.4 (2)"
[MVP+] noicefor1,"TPS: 0.4 (2)"
[MVP+] TC53,"Current TPS: 17.0 (2)"
[MVP+] noicefor1,"brb"
[MVP+] predevGOAT,"[BM] TC53 cleared 0-2 rooms | 2 secrets | 0 deaths"
[MVP+] predevGOAT,"insane"
[MVP+] TC53,"bc silly"
[MVP+] predevGOAT,"u still have like"
[MVP+] predevGOAT,"20 seconds before then"
[MVP+] predevGOAT,"u didnt even br with us"
[MVP+] predevGOAT,"sob"
[MVP+] TC53,"literally did"
[MVP+] TC53,"[BM] TC53 cleared 0-3 rooms | 2 secrets | 0 deaths"
[MVP+] TC53,"0-3"
[MVP+] TC53,"3 room blood"
[MVP+] noicefor1,"im b(l)ack"
[MVP+] predevGOAT,"!f7"
[MVP+] TC53,"water"
[MVP+] TC53,"rs"
[MVP+] noicefor1,"!f7"
[MVP+] predevGOAT,"water not even bad"
[MVP+] predevGOAT,"it takes like 10 seconds"
[MVP+] noicefor1,"if u lucky"
[MVP+] noicefor1,"if not,20-30"
[MVP+] predevGOAT,"no it doesnt"
[MVP+] predevGOAT,"one flow"
[MVP+] predevGOAT,"???"
[MVP+] noicefor1,"my mods dif then ig"
[MVP+] noicefor1,"good run?"
[MVP+] predevGOAT,"no"
[MVP+] predevGOAT,"!f7"
[MVP+] noicefor1,"!tps"
[MVP+] TC53,"Current TPS: 19.0"
[MVP+] predevGOAT,"TPS: 18.1"
[MVP+] noicefor1,"TPS: 18.1"
[MVP+] predevGOAT,"5 puzzles but"
[MVP+] predevGOAT,"easy puzzles"
[MVP+] noicefor1,":/"
[MVP+] predevGOAT,"bad br tho"
[MVP+] predevGOAT,"pipes is a shit room"
[MVP+] noicefor1,"alr"
[MVP+] predevGOAT,"!f7 (2)"
[MVP+] predevGOAT,"huh"
[MVP+] predevGOAT,"i got kicked"
[MVP+] noicefor1,"kciked"
[MVP+] noicefor1,"yh"
[MVP+] TC53,"noicefor1 did you swap profiles??"
[MVP+] noicefor1,"when"
[MVP+] TC53,"when you joined"
[MVP+] noicefor1,".."
[MVP+] TC53,"after you joined the party"
[MVP+] noicefor1,"yh :("
[MVP+] noicefor1,"smae setup and better stuff tho"
[MVP+] noicefor1,"so i sigma"
[MVP+] predevGOAT,"!f7"
[MVP+] predevGOAT,"fill"
[MVP+] predevGOAT,"i can do fill quickly"
[MVP+] predevGOAT,"just"
[MVP+] predevGOAT,"its far away"
[MVP+] predevGOAT,"ok"
[MVP+] predevGOAT,"we can try this map"
[MVP+] TC53,"alr then"
[MVP+] predevGOAT,"let me solo clear the side thats left and back out of spawn"
[MVP+] noicefor1,"ahhh i need eff10 back"
[MVP+] predevGOAT,"come back"
[MVP+] predevGOAT,"SilverSpaceBoy"
[MVP+] predevGOAT,"k"
[MVP+] predevGOAT,"r?"
[MVP+] noicefor1,"r"
[MVP+] TC53,"r"
[MVP+] predevGOAT,"whos br"
[MVP+] noicefor1,"what i do"
[MVP+] noicefor1,"wait"
[MVP+] noicefor1,"duo br?"
[MVP+] TC53,"me"
[MVP+] predevGOAT,"u and tc br"
[MVP+] predevGOAT,"if tc is bc"
[MVP+] noicefor1,"alr"
[MVP+] predevGOAT,"no point 3 br"
[MVP+] predevGOAT,"ill clear"
[MVP+] noicefor1,"k"
[MVP+] TC53,"270 Score DO CRYPTS"
[MVP+] predevGOAT,"270 Score Reached!"
[MVP+] SilverSpaceBoy,"$SKYTILS-DUNGEON-SCORE-MIMIC$"
[MVP+] noicefor1,"clear!"
[MVP+] predevGOAT,"Mimic Killed!"
[MVP+] predevGOAT,"lf clear"
[MVP+] TC53,"trap..."
[MVP+] predevGOAT,"gg"
[MVP+] predevGOAT,"Leaping to SilverSpaceBoy."
[MVP+] TC53,"298"
[MVP+] predevGOAT,"300 Score Reached!"
[MVP+] TC53,"Leaping to SilverSpaceBoy."
[MVP+] predevGOAT,"its js toos lwo"
[MVP+] noicefor1,"???"
[MVP+] noicefor1,"rip"
[MVP+] TC53,"what"
[MVP+] noicefor1,"maxor didnt die"
[MVP+] predevGOAT,"Leaping to SilverSpaceBoy."
[MVP+] TC53,"Leaping to predevGOAT."
[MVP+] TC53,"Leaping to SilverSpaceBoy."
[MVP+] predevGOAT,"Leaping to SilverSpaceBoy. (2)"
[MVP+] TC53,"Leaping to SilverSpaceBoy. (2)"
[MVP+] TC53,"Leaping to SilverSpaceBoy. (3)"
[MVP+] TC53,"Leaping to SilverSpaceBoy. (4)"
[MVP+] TC53,"YAY MELDOY!!!"
[MVP+] TC53,"Melody terminal is at 25%"
[MVP+] TC53,"Melody terminal is at 50%"
[MVP+] TC53,"Melody terminal is at 75%"
[MVP+] noicefor1,"rip"
[MVP+] predevGOAT,"boss was better"
[MVP+] noicefor1,"what went wrong"
[MVP+] predevGOAT,"besides maxor"
[MVP+] predevGOAT,"but"
[MVP+] TC53,"clear"
[MVP+] predevGOAT,"clear was ass"
[MVP+] predevGOAT,"goldor was ass"
[MVP+] noicefor1,"i missed scystal on 2nd"
[MVP+] predevGOAT,"ur guys dps is just too low"
[MVP+] predevGOAT,"u need higher cata"
[MVP+] noicefor1,"went too far"
[MVP+] predevGOAT,"goldor should take 10-11 seconds max"
[MVP+] predevGOAT,"not 14"
[MVP+] noicefor1,"the arch is cata 49#"
[MVP+] TC53,"^"
[MVP+] noicefor1,"what am i gonna do"
[MVP+] predevGOAT,"bro doesnt do dmg then"
[MVP+] predevGOAT,"idk"
[MVP+] noicefor1,"ratter maybe"
[MVP+] predevGOAT,"ill try last one"
[MVP+] predevGOAT,"!f7"
[MVP+] TC53,"water"
[MVP+] TC53,"nty"
[MVP+] predevGOAT,"bruh ill doboard"
[MVP+] predevGOAT,"its not even bad"
[MVP+] predevGOAT,"tc53"
[MVP+] TC53,"alr then"
[MVP+] predevGOAT,"u can get sub 5 with like"
[MVP+] predevGOAT,"a 1:40 clear"
[MVP+] TC53,"good"
[MVP+] TC53,"yes we can"
[MVP+] TC53,"ik"
[MVP+] predevGOAT,"even more than that"
[MVP+] predevGOAT,"ive gotten sub5 with like2 min clears"
[MVP+] predevGOAT,"jus clear"
[MVP+] predevGOAT,"plz"
[MVP+] predevGOAT,"someone leap do quiz"
[MVP+] predevGOAT,"someone leap do quiz (2)"
[MVP+] predevGOAT,"someone leap do quiz (3)"
[MVP+] predevGOAT,"someone leap do quiz (4)"
[MVP+] predevGOAT,"someone leap do quiz (5)"
[MVP+] predevGOAT,"someone leap do quiz (6)"
[MVP+] predevGOAT,"someone leap do quiz (7)"
[MVP+] predevGOAT,"someone leap do quiz (8)"
[MVP+] predevGOAT,"gg"
[MVP+] predevGOAT,"someone else needs to do board"
[MVP+] predevGOAT,"if i do quiz"
[MVP+] noicefor1,"br fell off"
[MVP+] predevGOAT,"gg (2)"
[MVP+] SilverSpaceBoy,"$SKYTILS-DUNGEON-SCORE-MIMIC$"
[MVP+] predevGOAT,"Leaping to noicefor1."
[MVP+] predevGOAT,"270 Score Reached!"
[MVP+] TC53,"270 Score DO CRYPTS"
[MVP+] noicefor1,"300 score"
[MVP+] predevGOAT,"300 Score Reached!"
[MVP+] TC53,"300 Score"
[MVP+] predevGOAT,"Leaping to TC53."
[MVP+] predevGOAT,"doable"
[MVP+] TC53,"archer/?"
[MVP+] TC53,"16thGarden Where is your bonzo mask, ur not him"
[MVP+] SilverSpaceBoy,"16thGarden throwing smh"
[MVP+] noicefor1,"dude"
[MVP+] TC53,"gotta be a ratter"
[MVP+] noicefor1,"if we had good arch we would have sub5 by now"
[MVP+] predevGOAT,"Leaping to SilverSpaceBoy."
[MVP+] TC53,"arch dont wana dps or agro"
[MVP+] TC53,"Leaping to predevGOAT."
[MVP+] TC53,"Leaping to SilverSpaceBoy."
[MVP+] TC53,"Leaping to SilverSpaceBoy. (2)"
[MVP+] predevGOAT,"Bonzo Procced (3s)"
[MVP+] TC53,"Leaping to SilverSpaceBoy. (3)"
[MVP+] TC53,"Leaping to noicefor1."
[MVP+] TC53,"Leaping to predevGOAT. (2)"
[MVP+] predevGOAT,"not quite"
[MVP+] noicefor1,"gj ach!"
[MVP+] predevGOAT,"our clear"
[MVP+] predevGOAT,"and our"
[MVP+] predevGOAT,"maxor sell over and over"
[MVP+] predevGOAT,"is js not gona work"
[MVP+] predevGOAT,"tyfrs"
[MVP+] predevGOAT,"( ???)/"
[MVP+] noicefor1,"maybe we get a dif arch"
[MVP+] noicefor1,"oh alr then"
[MVP+] VoidKrystal,"alr"
[MVP+] VoidKrystal,"im buying an lcm setup"
[MVP+] VoidKrystal,"dammit"
[VIP+] fwshyy_,"whats open"
[MVP+] VoidKrystal,"wtf"
[MVP+] VoidKrystal,"4 43 m7 is crazy"
[MVP+] VoidKrystal,"oh ok"
[MVP+] VoidKrystal,"im mag"
[VIP+] fwshyy_,"i4 4 53 4 4"
[MVP+] VoidKrystal,"we need pd wait"
[MVP+] VoidKrystal,"what abt i2"
[MVP+] VoidKrystal,"i can i2"
[MVP+] VoidKrystal,":)"
[VIP+] fwshyy_,"i2 is useless"
[VIP+] fwshyy_,"lol"
[MVP+] VoidKrystal,"it lets healer do 5"
[MVP+] VoidKrystal,"saves about 4 seconds"
[MVP+] VoidKrystal,"im not stupid"
[MVP+] VoidKrystal,"lol"
[VIP+] fwshyy_,"in what world does it save 4 seconds"
[MVP+] VoidKrystal,"this world"
[MVP+] VoidKrystal,"!pt"
[MVP+] VoidKrystal,"!ptme"
[MVP+] VoidKrystal,"is he rerjoining"
[MVP+] VoidKrystal,"or not"
[MVP+] VoidKrystal,"o ok"
[VIP] iwascrazyonce,"( ???)/"
[MVP+] VoidKrystal,"wait but hes rejoining"
[MVP+] VoidKrystal,"so sry"
[VIP+] fwshyy_,"healer gets lever either way though?"
[MVP+] VoidKrystal,"mhm"
[VIP+] fwshyy_,"so how does it save 4 seconds"
[VIP+] fwshyy_,"the route is the same"
[MVP+] VoidKrystal,"dev"
[MVP+] VoidKrystal,"its jus superbouncing time"
[MVP+] VoidKrystal,"liek 3 seconds"
[VIP+] fwshyy_,"it saves 0 seconds"
[MVP+] VoidKrystal,"mk"
[MVP+] VoidKrystal,"inv him whenever he rejoins"
[VIP+] fwshyy_,"thats the engineerandrew strat"
[MVP+] VoidKrystal,"engineerandrew is sigma"
[MVP+] VoidKrystal,"also i gotta ask"
[MVP+] VoidKrystal,"how 4 43 pb"
[MVP+] VoidKrystal,"m7"
[MVP+] VoidKrystal,"thats wild"
[VIP+] fwshyy_,"its not even that good anymore"
[VIP+] fwshyy_,"i got it like 4 months ago"
[MVP+] VoidKrystal,"4 37 is considered crazy"
[MVP+] VoidKrystal,"wr is 4 37"
[MVP+] VoidKrystal,"sub 4 20 is cheated"
[VIP+] fwshyy_,"wr sis NOT 437"
[MVP+] VoidKrystal,"?"
[MVP+] VoidKrystal,"oh?"
[VIP] Netheriteblocks,"woah sir"
[MVP+] Daniiiniks,"4 aggro"
[VIP] Netheriteblocks,"still paul yes?"
[MVP+] juicyn2,"ye"
[MVP+] NismoPreston,"We have 270 score"
[VIP] Netheriteblocks,"Jesus is king 300!"
[MVP+] NismoPreston,"We have 300 score"
[MVP+] Daniiiniks,"Hello, My Fellow Teammates. We Have Hit 300 Score And I Am Ready To Embark Upon The Grueling Challenge Which Is The Catacombs Boss Floor! May We All Survive What Comes Against Us When We Go Through The Ominous Portal!"
[MVP+] NismoPreston,"fucking 3 manning rooms"
[MVP+] Daniiiniks,"Leaped to NismoPreston!"
[MVP+] Daniiiniks,"mewlodeez"
[MVP+] Daniiiniks,"mewlodeez 1/4"
[MVP+] Daniiiniks,"mewlodeez 2/4"
[MVP+] Daniiiniks,"mewlodeez 3/4"
[MVP+] juicyn2,"4/5"
[MVP+] Daniiiniks,"pd left?"
[MVP+] juicyn2,"yea"
[VIP] Netheriteblocks,"Important Items: (Hover) None"
[VIP] Netheriteblocks,"lol"
[MVP+] Daniiiniks,"yea saw the same"
dojacat100,"??"
[VIP] Netheriteblocks,"why is bro back"
dojacat100,"i have bonzo staff bonzo mask wither cloak sf"
dojacat100,"and more"
[MVP+] Daniiiniks,"can u pd?"
[MVP+] Daniiiniks,"can u pd? (2)"
[MVP+] Daniiiniks,"can u pd? (3)"
[MVP+] Daniiiniks,"can u pd? (4)"
[MVP+] Daniiiniks,"can u pd? (5)"
[MVP+] Daniiiniks,"someone here can pd?"
Benchim,"uh"
[MVP+] Daniiiniks,"pd?"
[MVP+] Daniiiniks,"astolfo pd ?"
[MVP+] Daniiiniks,"go to private is if you can pd astolfo"
[MVP+] Daniiiniks,"From [MVP+] AstolfoButt: Hey! I'm currently muted and am unable to message right now."
[MVP+] Daniiiniks,"alright he pd"
[MVP++] WaffleDeath,"hello"
[MVP+] Daniiiniks,"yo"
[MVP++] WaffleDeath,"i return"
[MVP+] Daniiiniks,"wb"
[MVP++] WaffleDeath,"who is pd?"
[MVP+] juicyn2,"astolfo"
[MVP+] Daniiiniks,"astolfo"
[MVP++] WaffleDeath,"alr let scall terms!"
[MVP+] Daniiiniks,"he is muted"
[MVP++] WaffleDeath,"ok"
[MVP++] WaffleDeath,"1!"
[MVP+] juicyn2,"lc 2 yp"
[MVP+] Daniiiniks,"aggro, 4"
[MVP++] WaffleDeath,"rc green pad too"
[MVP++] WaffleDeath,"who br"
[MVP+] Daniiiniks,"16thgarden"
[MVP++] WaffleDeath,"ok (2)"
[MVP+] Daniiiniks,"u 3"
[MVP++] WaffleDeath,"not 1?"
[MVP++] WaffleDeath,"ok );"
[MVP+] Daniiiniks,"Blaze Done"
[MVP++] WaffleDeath,"270 score"
[MVP++] WaffleDeath,"PUZZLE FAIL! Hyper_Drive killed a Blaze in the wrong order! Yikes!"
[MVP+] Daniiiniks,"Hello, My Fellow Teammates. We Have Hit 300 Score And I Am Ready To Embark Upon The Grueling Challenge Which Is The Catacombs Boss Floor! May We All Survive What Comes Against Us When We Go Through The Ominous Portal!"
[MVP++] WaffleDeath,"alr"
[MVP++] WaffleDeath,"can i br?"
[MVP+] Daniiiniks,"yeah he did slow br"
[MVP++] WaffleDeath,"juicy"
[MVP++] WaffleDeath,"place crystal"
[MVP++] WaffleDeath,"place crystal (2)"
[MVP++] WaffleDeath,"throwing"
[MVP+] juicyn2,"oops"
[MVP++] WaffleDeath,"alr ig ill br now"
[MVP++] WaffleDeath,"and bc?"
[MVP++] WaffleDeath,"shoudl i blood camp?"
[MVP+] Daniiiniks,"ig yea"
[MVP++] WaffleDeath,"ok"
[MVP+] Daniiiniks,"Leaped to AstolfoButt!"
[MVP++] WaffleDeath,"w"
[MVP+] Daniiiniks,"mewlodeez"
[MVP+] Daniiiniks,"mewlodeez 1/4"
[MVP+] Daniiiniks,"mewlodeez 2/4"
[MVP+] Daniiiniks,"mewlodeez 3/4"
[MVP++] WaffleDeath,"Guild > [MVP+] Wafflealive [Ref]: Rabbit Dog has been promoted to [220] Board Member!"
[MVP++] WaffleDeath,"wac"
[MVP++] WaffleDeath,"wc"
[MVP++] WaffleDeath,"..."
[MVP++] WaffleDeath,"i forgor to br"
[MVP++] WaffleDeath,"its fine"
[MVP++] WaffleDeath,"better br this time"
[MVP++] WaffleDeath,"270 score"
[MVP+] juicyn2,"help my solver is tweakin"
[MVP+] juicyn2,"leap pls"
[MVP+] juicyn2,"my solver is fucked"
[MVP++] WaffleDeath,"PUZZLE FAIL! Hyper_Drive killed a Blaze in the wrong order! Yikes!"
[MVP+] Daniiiniks,"Hello, My Fellow Teammates. We Have Hit 300 Score And I Am Ready To Embark Upon The Grueling Challenge Which Is The Catacombs Boss Floor! May We All Survive What Comes Against Us When We Go Through The Ominous Portal!"
[MVP++] WaffleDeath,"go"
[MVP+] juicyn2,"internets ass"
[MVP++] WaffleDeath,"throwing"
[MVP++] WaffleDeath,"WaffleDeath picked up an Energy Crystal! (4)"
[MVP+] Daniiiniks,"mewlodeez"
[MVP+] Daniiiniks,"mewlodeez 1/4"
[MVP+] Daniiiniks,"mewlodeez 2/4"
[MVP+] Daniiiniks,"mewlodeez 3/4"
[MVP++] WaffleDeath,"307 score"
[MVP++] WaffleDeath,":D"
[MVP++] WaffleDeath,"meleing necron is such a w"
[MVP++] WaffleDeath,"burhh"
[MVP++] WaffleDeath,"my sovler now rok"
[MVP++] WaffleDeath,"no work"
[MVP++] WaffleDeath,"someonen leap"
[MVP++] WaffleDeath,"):"
[MVP++] WaffleDeath,"someone"
[MVP++] WaffleDeath,"bro"
[MVP++] WaffleDeath,"270 score"
[MVP++] WaffleDeath,"warp"
[MVP++] WaffleDeath,"leap"
[MVP++] WaffleDeath,"wahtever"
[MVP++] WaffleDeath,"oml"
[MVP++] WaffleDeath,"wtf"
[MVP++] WaffleDeath,"guys"
[MVP+] juicyn2,"it dont work"
[MVP++] WaffleDeath,"what dont work"
[MVP+] juicyn2,"oh"
[MVP+] juicyn2,"nvm"
[MVP+] juicyn2,"im high"
[MVP++] WaffleDeath,"someone leapt to me"
[MVP++] WaffleDeath,"and then leapt somewhere else"
[MVP++] WaffleDeath,"PUZZLE FAIL! Hyper_Drive killed a Blaze in the wrong order! Yikes!"
[MVP+] Daniiiniks,"Hello, My Fellow Teammates. We Have Hit 300 Score And I Am Ready To Embark Upon The Grueling Challenge Which Is The Catacombs Boss Floor! May We All Survive What Comes Against Us When We Go Through The Ominous Portal!"
[MVP++] WaffleDeath,"go"
[MVP++] WaffleDeath,"dont skill issue nex ttime ):<"
[MVP+] Daniiiniks,"Leaped to AstolfoButt!"
[MVP++] WaffleDeath,"oh"
[MVP++] WaffleDeath,"oops"
[MVP++] WaffleDeath,"yeha yeah yeah"
[MVP+] Daniiiniks,"pd left right?"
[MVP++] WaffleDeath,"pd gone now );"
[MVP+] Daniiiniks,"shit"
[MVP+] Daniiiniks,"auto recomb"
[MVP++] WaffleDeath,"claymore"
[MVP+] Daniiiniks,"star"
[MVP++] WaffleDeath,"O:"
[MVP++] WaffleDeath,"u did lf pd?"
[MVP+] Daniiiniks,"no shit"
[MVP+] Daniiiniks,"detective"
[MVP+] Daniiiniks,"can u pd?"
[MVP+] Detective2888,"do you"
[MVP+] Detective2888,"got"
[MVP+] Detective2888,"another"
[MVP+] Detective2888,"pd?"
[MVP+] Detective2888,"i Could"
[MVP++] WaffleDeath,"sacrifice"
[MVP+] Detective2888,"brooo"
[MVP+] Detective2888,"i hate pd"
[MVP+] Daniiiniks,"do it"
[MVP+] Daniiiniks,"lol"
[MVP++] WaffleDeath,"weeee"
[MVP+] Canad1anBeaver,"i have a friend coming for pd"
[MVP+] Canad1anBeaver,"he swapping to 1.8.9"
[MVP++] NoWay_OMG,"?"
[MVP+] Canad1anBeaver,"he pd"
[MVP+] Canad1anBeaver,"c46"
[MVP++] NoWay_OMG,"w"
[MVP+] Canad1anBeaver,"yep"
[MVP++] NoWay_OMG,"high cata f7 party fr"
[MVP+] fl_y,"fuck f7"
[MVP++] NoWay_OMG,"love f7"
[MVP++] NoWay_OMG,"cuz"
[MVP+] fl_y,"hate it"
[MVP++] NoWay_OMG,"i love Necron"
[MVP+] fl_y,"600 runs dry"
[MVP+] fl_y,"i love necron too"
[MVP+] fl_y,"i just like touching him in m7"
[MVP++] NoWay_OMG,"1390 F7 collection"
[MVP+] fl_y,"1100 almost"
[MVP++] NoWay_OMG,"L"
[MVP++] NoWay_OMG,"ops"
[MVP++] NoWay_OMG,"W"
[VIP] 0xFE,"SIGMA"
[VIP] 0xFE,"1 yp"
[MVP++] NoWay_OMG,"4"
[VIP] 0xFE,"im back guys"
[MVP++] NoWay_OMG,"br"
[MVP+] fl_y,"predice!"
[MVP++] NoWay_OMG,"Blaze Puzzle Finished!"
[MVP++] NoWay_OMG,"Leaping to 16thGarden."
[MVP++] NoWay_OMG,"??????????????????!!!!"
[MVP+] fl_y," ? kade1x was killed by Shadow Assassin and became a ghost."
[MVP+] fl_y," ? zawg2 was killed by Shadow Assassin and became a ghost."
[MVP++] NoWay_OMG,"???????????????!!!"
[MVP+] fl_y,"lf bc"
[VIP] 0xFE,"300 Score reached!"
[VIP] 0xFE,"270 Score reached!"
[MVP++] NoWay_OMG,"Livid"
[MVP++] NoWay_OMG,"Wish!"
[VIP] 0xFE,"Leaped to fl_y!"
[VIP] 0xFE,"Leaped to 16thGarden!"
[VIP] 0xFE,"Leaped to fl_y! (2)"
[MVP++] NoWay_OMG,"Leaping to fl_y."
[MVP++] NoWay_OMG,"0xFE????????"
[VIP] 0xFE,":sob:"
[MVP+] fl_y,"oi miss"
[MVP++] NoWay_OMG,"xd"
[VIP] 0xFE,"Leaped to Canad1anBeaver!"
[MVP+] fl_y,"gg"
[MVP+] fl_y,"it didnt click"
[MVP+] fl_y,"new mouse"
[MVP++] NoWay_OMG,"Leaping to 16thGarden."
[VIP] 0xFE,"Leaped to NoWay_OMG!"
[VIP] 0xFE,"Leaped to Canad1anBeaver! (2)"
[VIP] 0xFE,"Leaped to 16thGarden!"
[MVP+] fl_y,"!ping"
[VIP] 0xFE,"Ping: 74"
[MVP+] fl_y,"Ping: 139"
[MVP++] NoWay_OMG,"Ping: 212"
[VIP] 0xFE,"Leaped to fl_y!"
[VIP] 0xFE,"!tps"
[MVP+] fl_y,"Current TPS: 17.0"
[MVP++] NoWay_OMG,"Current TPS: 17.0"
[MVP+] fl_y,"melody"
[VIP] 0xFE,"TPS: 19.6"
[MVP+] fl_y,"TPS: 20.0"
[MVP++] NoWay_OMG,"TPS: 19.6"
[MVP++] NoWay_OMG,"Tps > 19.6"
[MVP++] NoWay_OMG,"Leaping to 16thGarden."
[VIP] 0xFE,"Leaped to Canad1anBeaver! (3)"
[MVP++] NoWay_OMG,"melomelo"
[MVP++] NoWay_OMG,"Melody terminal is at 25%"
[MVP++] NoWay_OMG,"Melody terminal is at 50%"
[MVP++] NoWay_OMG,"Melody terminal is at 75%"
[VIP] 0xFE,"Phoenix Procced (3s)"
[VIP] 0xFE,"Leaped to 16thGarden!"
[VIP] 0xFE,"Leaped to Canad1anBeaver! (4)"
[MVP++] NoWay_OMG,"Wish!"
[VIP] 0xFE,"Leaped to fl_y! (2)"
[MVP++] NoWay_OMG,"Leaping to fl_y."
[MVP++] NoWay_OMG,"Leaping to fl_y. (2)"
[MVP++] NoWay_OMG,"0xFE????????"
[VIP] 0xFE,"throw for handle"
[MVP++] NoWay_OMG,"309"
[MVP+] fl_y,"come?"
[VIP] 0xFE,"OMGOMG"
[VIP] 0xFE,"NOTHING"
[MVP++] NoWay_OMG,"lmao"
[MVP+] fl_y,"OMG"
[MVP+] fl_y,"catalyst"
[MVP++] NoWay_OMG,"lmao (2)"
[VIP] 0xFE,"WOAHH"
[MVP++] NoWay_OMG,"¯\_(?)_/¯ <('O')> @'-' (0.o?) ?_?"
[MVP+] fl_y,"dt"
[MVP+] fl_y,"zzz"
[MVP++] NoWay_OMG,"zzz"
[MVP+] fl_y,"he;lllo"
[MVP++] NoWay_OMG,"go dt fast"
[MVP+] fl_y,"zzzz"
[MVP++] NoWay_OMG,"zzzz"
[MVP+] fl_y,"my m7 party is logging on rn"
[MVP+] fl_y,"im leaving if they inv"
[MVP++] NoWay_OMG,"Leaping to fl_y."
[MVP++] NoWay_OMG,"Mimic  ????"
[MVP++] NoWay_OMG,"$SKYTILS-DUNGEON-SCORE-MIMIC$"
[MVP++] NoWay_OMG,"Leaping to 0xFE."
[VIP] 0xFE,"270 Score reached! Now we are sigmas!"
[MVP+] fl_y," ? kade1x was killed by Shadow Assassin and became a ghost."
[MVP++] NoWay_OMG,"??????????????????!!!!"
[VIP] 0xFE,"300 Score reached! Very Skibidi!"
[MVP++] NoWay_OMG,"Leaping to fl_y."
[VIP] 0xFE,"i can blood camp so faster runs?"
[MVP++] NoWay_OMG,"?}"
[VIP] 0xFE,"go?"
[VIP] 0xFE,"gogogo"
[MVP++] NoWay_OMG,"298"
[VIP] 0xFE,"307"
[MVP++] NoWay_OMG,"Wish!"
[VIP] 0xFE,"Leaped to NoWay_OMG!"
[VIP] 0xFE,"Leaped to fl_y!"
[MVP++] NoWay_OMG,"Leaping to fl_y."
[VIP] 0xFE,"Leaped to NoWay_OMG!"
[VIP] 0xFE,"arhc ee?"
[MVP++] NoWay_OMG,"Your Kill Combo has expired! You reached a 183 Kill Combo!"
[VIP] 0xFE,"Leaped to NoWay_OMG! (2)"
[MVP++] NoWay_OMG,"rod not read"
[MVP++] NoWay_OMG,"ready"
[VIP] 0xFE,"k"
[VIP] 0xFE,"Leaped to NoWay_OMG! (3)"
[VIP] 0xFE,"Meowody :3"
[VIP] 0xFE,"Meowody :3 1/4"
[VIP] 0xFE,"Meowody :3 2/4"
[VIP] 0xFE,"Meowody :3 3/4"
[VIP] 0xFE,"Leaped to 16thGarden!"
[MVP++] NoWay_OMG,"rod readyt"
[VIP] 0xFE,"Leaped to NoWay_OMG! (4)"
[MVP++] NoWay_OMG,"Wish!"
[VIP] 0xFE,"Leaped to fl_y!"
[MVP++] NoWay_OMG,"nice mana drain"
[MVP+] fl_y,"gg"
[MVP++] NoWay_OMG,"i said 298"
[MVP++] NoWay_OMG,"i said 298 (2)"
[MVP++] NoWay_OMG,"i said 298 (3)"
[VIP] 0xFE,"waht it the bettermap"
[VIP] 0xFE,"mb ig"
[MVP+] fl_y,"special sauce"
[MVP++] NoWay_OMG,"i usin SBE trust me plz"
[MVP+] fl_y,"sbe lol"
[VIP] 0xFE,"270 Score reached! Now we are sigmas!"
[MVP++] NoWay_OMG,"RARE DROP! Hunk of Blue Ice (+149% ? Magic Find)"
[MVP++] NoWay_OMG,"fuck of"
[MVP++] NoWay_OMG,"??????????????????!!!!"
[MVP+] fl_y," ? kade1x was killed by Shadow Assassin and became a ghost."
[MVP++] NoWay_OMG,"Leaping to 0xFE."
[MVP+] fl_y," ? zawg2 was killed by Shadow Assassin and became a ghost."
[MVP++] NoWay_OMG,"???????????????!!!"
[VIP] 0xFE,"300 Score reached! Very Skibidi!"
[MVP++] NoWay_OMG,"?"
[VIP] 0xFE,"!tps"
[MVP+] fl_y,"Current TPS: 18.0"
[MVP++] NoWay_OMG,"Current TPS: 18.0"
[VIP] 0xFE,"TPS: 20.0"
[MVP++] NoWay_OMG,"TPS: 20.0"
[MVP+] fl_y,"TPS: 19.3"
[MVP++] NoWay_OMG,"Tps > 19.8"
[MVP++] NoWay_OMG,"Wish!"
[MVP+] fl_y,"lf i4"
[MVP+] fl_y,"smh"
[VIP] 0xFE,"Leaped to fl_y!"
[MVP++] NoWay_OMG,"Leaping to fl_y."
[VIP] 0xFE,"Leaped to NoWay_OMG!"
[MVP++] NoWay_OMG,"Leaping to Canad1anBeaver."
[VIP] 0xFE,"Leaped to NoWay_OMG! (2)"
[VIP] 0xFE,"Leaped to Canad1anBeaver!"
[VIP] 0xFE,"Leaped to NoWay_OMG! (3)"
[MVP++] NoWay_OMG,"Bonzo Procced (3s)"
[MVP+] fl_y,"lerap"
[MVP++] NoWay_OMG,"Phoenix Procced (3s)"
[MVP+] fl_y,"melody"
[VIP] 0xFE,"It's okay NoWay_OMG I still love you!"
[MVP++] NoWay_OMG,"hm"
[VIP] 0xFE,"rip ee"
[VIP] 0xFE,"Leaped to 16thGarden!"
[VIP] 0xFE,"Meowody :3"
[VIP] 0xFE,"Meowody :3 1/4"
[VIP] 0xFE,"Meowody :3 2/4"
[VIP] 0xFE,"Meowody :3 3/4"
[VIP] 0xFE,"Leaped to Canad1anBeaver! (2)"
[VIP] 0xFE,"Leaped to NoWay_OMG! (4)"
[MVP++] NoWay_OMG,"Wish!"
[VIP] 0xFE,"Leaped to fl_y!"
[VIP] 0xFE,"tyfr"
[VIP+] crozzywozzy,"ee2 4 4 4"
[VIP] JustTouchGrass2,"any1 got some1 i can inv?"
[VIP] ElongatedArms,"unless u cant 1 tap"
[MVP+] GehZurSeite,"healthy mobs"
[VIP] ElongatedArms,"r"
[MVP+] Rhilee,"ok"
[MVP+] Rhilee,"!m6"
[MVP+] Rhilee,"You suck!"
[MVP] Cattsvie,"fuck"
[MVP] Cattsvie,"270 score!!"
[MVP+] GehZurSeite,"300 score"
[MVP+] Rhilee,"300 Score -> LF Feather Falling VI"
[MVP] Cattsvie,"300 Score!!"
[MVP+] Rhilee,"Mimic Killed"
[MVP] Cattsvie,"Mimic Killed"
[MVP+] Rhilee,"wanna go back to lcm?"
[MVP] Cattsvie,"u should lcm elongatedarms ;)"
[VIP] ElongatedArms,"im down for either"
[VIP] ElongatedArms,"ig ill LCM"
[VIP] ElongatedArms,"am i M in PF?"
[MVP+] Rhilee,"yuh"
[MVP] Cattsvie,"ur F in PF"
[MVP] Cattsvie,"OK IMA RELOAD MC"
[VIP] ElongatedArms,"how important do u guys reckon skele master is for cata?"
[MVP+] Rhilee,"i love my skele master chestplate"
[MVP+] Rhilee,"allows me to use all the different types of arrows with no issue"
[VIP] ElongatedArms,"cause i got this"
[MVP+] Rhilee,"boucy, nano, armourshred, magma"
[MVP+] Rhilee,"without worrying about arrow dt"
[VIP] ElongatedArms,"but i like the dark purple dye more, but i dont got dark purple dyed skele master CP\"
[MVP+] Rhilee,"or the stupid cost of nano"
[VIP] ElongatedArms,"wait wrong item"
[MVP+] Rhilee,"lmao"
[MVP+] Rhilee,"how tf are u so rich"
[VIP] ElongatedArms,"yes guys this is my very original LCM weapon"
[VIP] ElongatedArms,"uhm"
[VIP] ElongatedArms,"15b in ah fees"
[VIP] ElongatedArms,"we do a little flipping"
[MVP+] Rhilee,"oh so ah flipping"
[VIP] ElongatedArms,"ye"
[MVP+] Rhilee,"bro ive seen so many like"
[VIP] ElongatedArms,"where arch at"
[MVP+] Rhilee,"under level 200 dungeon nons"
[VIP] ElongatedArms,"..."
[VIP] ElongatedArms,"W"
[MVP+] Rhilee,"FUCK"
[VIP] ElongatedArms,"nice timgin"
[MVP+] Rhilee,"i went to relist"
[MVP+] Rhilee,"and he jhoined"
[VIP] ElongatedArms,"ye (2)"
[MVP+] Rhilee,"!warp"
[MVP+] Rhilee,"ok good"
[MVP] Cattsvie,"erm"
[MVP] Cattsvie,"can u go into"
[MVP] Cattsvie,"a run rq"
[VIP] ElongatedArms,"like my drip?"
[MVP] Cattsvie,"oh"
[MVP] Cattsvie,"alr got"
[MVP] Cattsvie,"ic"
[MVP+] Rhilee,"You have already requested a server! Please wait a bit."
[MVP+] Rhilee,"You suck!"
[VIP] ElongatedArms,"i cant aim"
[VIP] ElongatedArms,"lmfao"
[MVP] Cattsvie,"ewwwww"
[MVP] Cattsvie,"ewwwww (2)"
[MVP] Cattsvie,"ewwwww (3)"
[MVP] Cattsvie,"i take that back"
[MVP] Cattsvie,"my aim died"
[MVP+] Rhilee,"Mimic Killed"
[MVP] Cattsvie,"270 score!!"
[MVP] Cattsvie,"erm icefil!"
[MVP+] WayneSaint,"server keeps freezing"
[MVP+] Rhilee,"300 Score -> LF Feather Falling VI"
[MVP+] WayneSaint,"300 Score Reached!"
[MVP] Cattsvie,"300 Score!!"
[MVP+] WayneSaint,"ty"
[MVP+] Rhilee,"dont tell me ct is bugging again"
[MVP] Cattsvie,"you rae not"
[VIP] ElongatedArms,"ice fill so good"
[MVP] Cattsvie,"welcome"
[MVP] Cattsvie,"!dt i just want dt dont ask"
[MVP+] Rhilee,"wayne"
[MVP+] Rhilee,"no nansorb"
[MVP] Cattsvie,"?!?!?"
[MVP+] WayneSaint,"huh?"
[MVP] Cattsvie,"nansorb arrows"
[MVP] Cattsvie,"increases piercing"
[MVP] Cattsvie,"u have dat?"
[MVP+] WayneSaint,"are u saying to not use nansorb or if im not using"
[MVP] Cattsvie,"nono"
[MVP] Cattsvie,"to use"
[MVP] Cattsvie,"Cattsvie needs downtime"
[MVP+] WayneSaint,"had armorshred for m7 but swapped"
[MVP+] WayneSaint,"xd"
[MVP] Cattsvie,"i forgor"
[MVP] Cattsvie,"waht i was"
[MVP+] Rhilee,"jork"
[MVP] Cattsvie,"OK R"
[MVP+] Rhilee,"!m6"
[MVP+] Rhilee,"Mimic Killed"
[MVP] Cattsvie,"270 score!!"
[MVP+] Rhilee,"You suck!"
[MVP+] WayneSaint,"."
[MVP+] Rhilee,"300 Score -> LF Feather Falling VI"
[MVP+] WayneSaint,"300 Score Reached!"
[VIP] ElongatedArms,"64.8s BC"
[VIP] ElongatedArms,"gaming"
[MVP] Cattsvie,"wtfrick"
[MVP] Cattsvie,"what does my hp show as"
[MVP] Cattsvie,"196k?"
[MVP] Cattsvie,"or 23k"
[MVP+] Rhilee,"200 bajillion"
[MVP+] Rhilee,"awooga"
[MVP] Cattsvie,"almost fell in"
[MVP] Cattsvie,"whoops"
[MVP+] Rhilee,"bud almost fell in the skibid hole"
[VIP] ElongatedArms,"3d in 2 days"
[MVP+] Rhilee,"damn"
[VIP] ElongatedArms,"i have 2 more GS than star"
[MVP+] Rhilee,"i got 3 ms yesterday and thought i was lucky"
[VIP] ElongatedArms,"8 gs 1k runs"
[VIP] ElongatedArms,"6 stars"
[MVP] Cattsvie,"q"
[MVP] Cattsvie,"up"
[MVP] Cattsvie,"pls"
[VIP] ElongatedArms,"ur 5"
[MVP+] Rhilee,"0 gs in 500 runs"
[MVP] Cattsvie,"rhiley"
[MVP+] Rhilee,"!m6"
[VIP] ElongatedArms,"idr"
[MVP] Cattsvie,"woman"
[MVP+] Rhilee,"You suck!"
[MVP] Cattsvie,"those"
[MVP] Cattsvie,"270 score!!"
[MVP+] WayneSaint,"$SKYTILS-DUNGEON-SCORE-MIMIC$"
[MVP] Cattsvie,"Mimic Killed"
[MVP] Cattsvie,"300 Score!!"
[MVP+] Rhilee,"300 Score -> LF Feather Falling VI"
[MVP+] Rhilee,"gooby shnoobert"
[MVP+] WayneSaint,"cd n gyro"
[MVP+] Rhilee,"ruh roh"
[MVP+] Rhilee,"You suck!"
[MVP] Cattsvie,"wtf"
[MVP] Cattsvie,"oh"
[MVP] Cattsvie,"i was"
[MVP] Cattsvie,"in mastiff"
[MVP] Cattsvie,"whoops"
[MVP+] Rhilee,"stoopid"
[MVP] Cattsvie,"how i die though"
[MVP] Cattsvie,"400k"
[MVP] Cattsvie,"hp"
[MVP] Cattsvie,"oh.."
[MVP] Cattsvie,"no defence"
[MVP] Cattsvie,"i see"
[MVP+] Rhilee,"bro necron alone has like 2m ehp"
[MVP] Cattsvie,"DT"
[MVP+] Rhilee,"Guild > [MVP+] That_one_patato [DTER]: can u gamble me a blaze pet"
[MVP+] Rhilee,"Guild > [MVP] Cattsvie [DTER]: CAN I POTAT?"
[MVP+] Rhilee,"exposed"
[VIP] ElongatedArms,"gogogo"
[MVP] Cattsvie,"watitiwatiwaitiwat"
[VIP] ElongatedArms,"downtime SMHG"
[VIP] ElongatedArms,"got shit to do yk"
[MVP] Cattsvie,"- 1x [Lvl 1] Blaze"
[MVP+] Rhilee,"im an idiot"
[MVP] Cattsvie,"r"
[MVP+] Rhilee,"i accidentally full screened and my game startyed lagging"
[MVP] Cattsvie,"READY!"
[MVP] Cattsvie,"!m6"
[MVP] Cattsvie,"stop dt"
[MVP] Cattsvie,"smh"
[MVP] Cattsvie,"riley"
[MVP] Cattsvie,"!m 6"
[MVP] Cattsvie,"!mm 6"
[MVP] Cattsvie,"!mm6"
[MVP+] WayneSaint,"are we gona go"
[MVP] Cattsvie,"HELLO RHILEE?!?"
[MVP+] Rhilee,"bro"
[MVP] Cattsvie,"WOMAN RHILEE"
[MVP+] Rhilee,"IM LAGGING BECAUSE I FUCKING PRESSED F11"
[MVP] Cattsvie,"oh"
[MVP] Cattsvie,"hes in limbo"
[VIP] ElongatedArms,"woman :coffee:"
[MVP] Cattsvie,"-----------------------------------------------------                          Friends (Page 1 of 14) >>Rhilee is in LimboBigChillin69420 is in SkyBlock - Crystal Hollowscutecatsmeow is in SkyBlock - Private IslandHechnoderp is in SkyBlock - Private Island"
[MVP] Cattsvie,"first part"
[MVP] Cattsvie,"Friend > goodrng joined."
[MVP+] Rhilee,"You are sending commands too fast! Please slow down."
[MVP] Cattsvie,"surely"
[MVP] Cattsvie,"i get good rng now?!"
[MVP] Cattsvie,"!ptme"
[MVP] Cattsvie,"!m6"
[MVP+] Rhilee,"IM NOT IN SB"
[MVP+] Rhilee,"U SPECIAL NEEDS"
[MVP] Cattsvie,"god"
[MVP] Cattsvie,"such a throw"
[MVP] Cattsvie,"hey"
[MVP+] Rhilee,"!warp"
[MVP] Cattsvie,"dont call me that"
[MVP] Cattsvie,"woman"
[MVP+] Rhilee,"im on 3 fps"
[MVP+] WayneSaint,"Cattsvie armor"
[MVP] Cattsvie,"rs game??"
[VIP] ElongatedArms,"schitzo??"
[VIP] ElongatedArms,"there is no h there"
[MVP+] Rhilee,"YEAUM"
[MVP+] Rhilee,"UR IN MASSTIFF"
[MVP] Cattsvie,"I KNOW GENIUS"
[MVP+] Rhilee,"supertall inc"
[MVP+] Rhilee,"i rlly need  to rs after this"
[MVP+] WayneSaint,"$SKYTILS-DUNGEON-SCORE-MIMIC$"
[MVP] Cattsvie,"270 score!!"
[MVP] Cattsvie,"300 Score!!"
[MVP+] WayneSaint,"300 Score Reached!"
[MVP+] Rhilee,"2 sec"
[MVP] Cattsvie,"wait"
[MVP] Cattsvie,"ima remove mod"
[VIP] ElongatedArms,"what the DT"
[MVP] Cattsvie,"im back"
[MVP+] Rhilee,"hi"
[MVP+] Rhilee,"./hi"
[MVP] Cattsvie,"rhilee ur leader btw"
[MVP] Cattsvie,"270 score!!"
[VIP] ElongatedArms,"gtg quick"
[MVP+] WayneSaint,"g"
[MVP+] Rhilee,"why go"
[VIP] ElongatedArms,"o/"
[MVP+] Rhilee,"300 Score -> LF Feather Falling VI"
[MVP] Cattsvie,"300 Score!!"
[MVP+] WayneSaint,"300 Score Reached!"
[MVP] Cattsvie,"is it 300"
[MVP] Cattsvie,"oh"
[MVP+] Rhilee,"huh"
[MVP] Cattsvie,"nvm"
[MVP+] Rhilee,"guess it was 300"
[MVP+] Rhilee,"You suck!"
[MVP] Cattsvie,"fuck"
[MVP] Cattsvie,"fuck (2)"
[MVP] Cattsvie,"fuck (3)"
[MVP] Cattsvie,"fuck (4)"
[MVP] Cattsvie,"OK IMA RELOAD AGAIN"
[MVP+] Rhilee,"you almost threw"
[MVP+] Rhilee,"r?"
[MVP] Cattsvie,"nr"
[MVP] Cattsvie,"ok r"
[MVP+] Rhilee,"!m6"
[MVP] Cattsvie,"270 score!!"
[VIP] Sr_Melohiis,"Garten of Banban Part 300"
[MVP+] Rhilee,"300 Score -> LF Feather Falling VI"
[MVP] Cattsvie,"300 Score!!"
[MVP+] WayneSaint,"300 Score Reached!"
[MVP+] WayneSaint,"forgot i was camping"
[MVP] Cattsvie,"nomage?!"
[MVP+] Rhilee,"fake mage"
[MVP] Cattsvie,"ew fake!!!"
[MVP] Cattsvie,"jk!"
[VIP] Sr_Melohiis,"be normal"
[MVP+] Rhilee,"!m6"
[MVP] Cattsvie,"recomboboulator"
[MVP+] Rhilee,"meow"
[MVP] Cattsvie,"wtfrick br!?"
[MVP+] Rhilee,"Mimic Killed"
[MVP] Cattsvie,"270 score!!"
[MVP] Cattsvie,"blazeeeeeeeee!"
[MVP+] Rhilee,"300 Score -> LF Feather Falling VI"
[VIP] Sr_Melohiis,"Garten of Banban Part 300"
[MVP] Cattsvie,"300 Score!!"
[MVP+] WayneSaint,"300 Score Reached!"
[MVP+] Rhilee,"You suck!"
[MVP+] Rhilee,"You suck! (2)"
[MVP] Cattsvie,"270 score!!"
[MVP+] Rhilee,"300 Score -> LF Feather Falling VI"
[VIP] Sr_Melohiis,"Garten of Banban Part 300"
[MVP] Cattsvie,"300 Score!!"
[MVP+] WayneSaint,"300 Score Reached!"
[MVP] Cattsvie,"tyfrs"
[MVP+] WayneSaint,"tyfr"
[VIP] Toxhy,"o/"
[VIP] Toxhy,"wait we really missing bers?"
[VIP] Toxhy,"i never seen that tbf"
[VIP] Dragon7040,"i just saw that in pf"
[VIP] Toxhy,"going"
[VIP] Toxhy,"the nr person r?"
[MVP+] L3nnyX,"yea"
[VIP] Dragon7040,"wait"
[VIP] Toxhy,"..."
[VIP] Dragon7040,"u have 1b nw?"
[VIP] Toxhy,"yeah"
[VIP] Dragon7040,"..."
[VIP] Dragon7040,"so no term or hype?"
[VIP] Toxhy,"wait"
[VIP] Toxhy,"??"
[MVP+] L3nnyX,"who has 1b nw?"
[VIP] Toxhy,"tf u mean"
[VIP] Toxhy,"i have 14b"
[MVP+] L3nnyX,"nice"
[VIP] Dragon7040,"then turn on api"
[MVP+] L3nnyX,"270 score"
[MVP+] L3nnyX,"300 score"
[VIP] Toxhy,"hell naw mb"
[MVP+] L3nnyX,"i almost died"
[MVP+] L3nnyX,"Blaze Puzzle Finished!"
[MVP+] L3nnyX,"270 score"
[MVP+] L3nnyX,"300 score"
[VIP] Toxhy,"oh"
[MVP+] L3nnyX,"what did i die to"
[MVP+] L3nnyX,"i think all of you nuked me"
[VIP] Dragon7040,"m"
[VIP] Dragon7040,"mb"
[MVP+] L3nnyX,"270 score"
[MVP+] L3nnyX,"300 score"
[VIP] Toxhy,"CLICKE"
[MVP+] L3nnyX,"Bonzo Procced (3s)"
[MVP+] L3nnyX,"pls shift more"
[MVP+] L3nnyX,"healer"
[VIP] Toxhy,"that was mb gyro didnt work"
[VIP] Dragon7040,"Mimic Dead!"
[VIP] Toxhy,"lag"
[VIP] Toxhy,"brh'"
[VIP] Toxhy,"is everyboyd"
[VIP] Toxhy,"..."
[VIP] Toxhy,"mb chat"
[MVP+] L3nnyX,"270 score"
[MVP+] L3nnyX,"300 score"
[VIP] Dragon7040,"gs"
[VIP] Dragon7040,"holy"
[VIP] Toxhy,"gg"
[VIP+] Luckypo,"star"
[VIP] Toxhy,"................................."
[VIP] Dragon7040,"i got gs before star lmao"
[MVP+] L3nnyX,"god damm"
[MVP+] L3nnyX,"270 score"
[MVP+] L3nnyX,"300 score"
[MVP+] L3nnyX,"270 score"
[MVP+] L3nnyX,"300 score"
[VIP] Toxhy,"gotta bz sell"
[VIP] Toxhy,"sec"
[VIP] Toxhy,"r"
[VIP] Dragon7040,"1s"
[VIP] Toxhy,"sure"
[VIP] Toxhy,"arrow then"
[VIP] Dragon7040,"r"
[VIP] Toxhy,"going"
[VIP] Dragon7040,"mb"
[MVP+] L3nnyX,"270 score"
[MVP+] L3nnyX,"300 score"
[MVP+] L3nnyX,"Bonzo Procced (3s)"
[MVP+] L3nnyX,"double recomb"
[MVP+] L3nnyX,"270 score"
[VIP] Toxhy,"lf bottom right"
[MVP+] L3nnyX,"300 score"
[VIP] Toxhy,"lag"
[VIP] Dragon7040,"fr"
[VIP] Toxhy,":3"
[VIP] Toxhy,"WEFBIYHWEDFGBYHUDWSBF"
[VIP] Toxhy,"NMOOOOOOOO"
[MVP+] L3nnyX,"bro you nuked me"
[MVP+] L3nnyX,"270 score"
[MVP+] L3nnyX,"300 score"
[MVP+] L3nnyX,"Blaze Puzzle Finished!"
[VIP] Dragon7040,"mb"
[MVP+] L3nnyX,"mb"
[VIP] Dragon7040,"mb"
[MVP+] L3nnyX,"270 score"
[VIP] Toxhy,"1/5C"
[VIP+] Luckypo,"go we can get s+"
[VIP+] Luckypo,"cant"
[VIP+] Luckypo,"nvm"
[VIP] Dragon7040,"its paul"
[VIP+] Luckypo,"yeah i jyust saw"
[VIP] Dragon7040,"Your Golden Dragon leveled up to level 105!"
[MVP+] L3nnyX,"300 score"
[VIP] Toxhy,"next time mage u bc"
[VIP] Toxhy,"since archer is a clearing class ig"
[VIP] Dragon7040,"bet"
[VIP] Toxhy,"please do"
[VIP] Dragon7040,"go?"
[VIP] Toxhy,"y"
[VIP] Toxhy,"g"
[VIP] Dragon7040,"dt after"
[VIP] Dragon7040,"im low on sf"
[VIP] Toxhy,"g?"
[VIP] Dragon7040,"r"
[VIP] Toxhy,"going"
[MVP+] L3nnyX,"270 score"
[MVP+] L3nnyX,"300 score"
[VIP] Dragon7040,"go?"
[VIP] Toxhy,"g"
[MVP+] L3nnyX,"Bonzo Procced (3s)"
[MVP+] L3nnyX,"tyfr"
[VIP] Toxhy,"sec gamers"
[VIP] Toxhy,"oops"
[VIP] Toxhy,"mb"
[VIP] Dragon7040,"Undead XII ? XIII"
[VIP] Toxhy,"g"
[VIP+] Luckypo,"tyfrs"
[VIP] Toxhy,"what is ur dmg pet"
[MVP+] ATobii,"no dmg pet"
[VIP] Toxhy,"tobii"
[VIP] Toxhy,"oh?"
[VIP] Dragon7040,"no ult enchant on armor aswell"
[VIP] Toxhy,"T-T"
[VIP] Toxhy,"760 mp"
[VIP] Toxhy,"im sowwy but no"
[VIP] Dragon7040,"i mean"
[VIP] Dragon7040,"your storage api is off"
[VIP] Toxhy,"im shy -><-"
[VIP] Toxhy,"but bruh"
[VIP] Toxhy,"as for duplex golems"
[VIP] Toxhy,"they die quick"
[MVP+] CapHello_,"he has a lvl  111 gdrag what do you expect"
[VIP] Toxhy,"^"
[VIP] Dragon7040,"idk"
[VIP] Toxhy,"but its not that bad T-T"
[VIP] Toxhy,"oh"
[VIP] Toxhy,"welp"
[VIP] Toxhy,"tyfrs <3"
[MVP+] Unknora,"uwu"
[VIP] Sharky_777,"agro 3"
[MVP+] PolishFemboyJulx,"mk r"
[MVP+] PolishFemboyJulx,"rc 1 i3"
[MVP+] PolishFemboyJulx,"i4*"
[MVP+] PolishFemboyJulx,"i4* (2)"
[MVP+] PolishFemboyJulx,"!ping"
[MVP+] PolishFemboyJulx,"Ping: 92"
[VIP+] BazHooka,"Current Ping: 199ms"
[MVP+] PolishFemboyJulx,"!tps"
[VIP+] BazHooka,"Current TPS: 18.0"
[MVP+] PolishFemboyJulx,"TPS: 20.0"
[VIP] Sharky_777,"tps > 19.0"
[MVP+] PolishFemboyJulx,"my mc finna crash hp;y shit im lagging"
[VIP] Sharky_777,"270 score"
[VIP] Sharky_777,"..."
[VIP] Sharky_777,"300 score"
[MVP+] Luna______,"300 score"
[VIP] Sharky_777,"uhmm"
[VIP] Sharky_777,"guess we can wait lil bit"
[VIP+] BazHooka,"Mimic Killed!"
[VIP+] BazHooka,"just go"
[MVP+] PolishFemboyJulx,"sorry mc crashed"
[VIP] Sharky_777,"ik"
[MVP+] PolishFemboyJulx,"sorry guys"
[VIP+] BazHooka,"Leaping to Sharky_777."
[MVP+] PolishFemboyJulx,"holy shit"
[MVP+] PolishFemboyJulx,"!ping"
[MVP+] PolishFemboyJulx,"Ping: 180"
[VIP+] BazHooka,"Current Ping: 184ms"
[MVP+] PolishFemboyJulx,"nah that shit capping"
[MVP+] PolishFemboyJulx,"wtgf"
[VIP+] BazHooka,"!tps"
[VIP+] BazHooka,"Current TPS: 19.0"
[MVP+] PolishFemboyJulx,"TPS: 19.1"
[VIP] Sharky_777,"tps > 19.5"
[MVP+] PolishFemboyJulx,"dont revive me i should do better next run"
[MVP+] PolishFemboyJulx,"?"
[MVP+] PolishFemboyJulx,"device?"
[VIP+] BazHooka,"no"
[MVP+] PolishFemboyJulx,"oh"
[VIP+] BazHooka,"Leaping to Sharky_777."
[VIP] Sharky_777,"warm up moment"
[VIP] Sharky_777,"[BM] Luna______ cleared 1-3 rooms | 0 secrets | 0 deaths"
[MVP+] PolishFemboyJulx,"time to not throw :beg:"
[VIP] Sharky_777,"270 score"
[MVP+] Luna______,"300 score"
[VIP] Sharky_777,"300 score"
[MVP+] PolishFemboyJulx,"go"
[MVP+] PolishFemboyJulx,"mage arch goes crazt"
[MVP+] PolishFemboyJulx,"Sharky_777 is most likely skill issued"
[VIP] Sharky_777,"spirit???"
[VIP] Sharky_777,"wrong armor on"
[VIP] Sharky_777,"oh my days"
[VIP+] BazHooka,"Leaping to PolishFemboyJulx."
[MVP+] PolishFemboyJulx,"Bonzo Procced"
[MVP+] PolishFemboyJulx,"Phoenix Procced"
[MVP+] PolishFemboyJulx,"oof"
[MVP+] PolishFemboyJulx,"i4 done"
[VIP+] BazHooka,"reset"
[MVP+] PolishFemboyJulx,"why"
[VIP+] BazHooka,"dev reset"
[MVP+] PolishFemboyJulx,"oh"
[MVP+] PolishFemboyJulx,"lmfao"
[MVP+] PolishFemboyJulx,"ok wtgf"
[MVP+] PolishFemboyJulx,"throw 4 handle"
[MVP+] PolishFemboyJulx,"yeah im gonna go jump off a cliff"
[VIP+] BazHooka,"oops"
[VIP+] BazHooka,"m,b"
[VIP+] BazHooka,"Leaping to Sharky_777."
[VIP+] BazHooka,"Leaping to Sharky_777. (2)"
[MVP+] PolishFemboyJulx,"r"
[VIP] Sharky_777,"was some1 leaving or??"
[MVP+] PolishFemboyJulx,"i dont think so"
[MVP+] PolishFemboyJulx,"!tps"
[VIP+] BazHooka,"Current TPS: 19.0"
[MVP+] PolishFemboyJulx,"TPS: 20.0"
[VIP] Sharky_777,"tps > 19.7"
[VIP] Sharky_777,"270 score"
[VIP+] BazHooka,"Leaping to 16thGarden."
[MVP+] Luna______,"300 score"
[VIP] Sharky_777,"300 score"
[MVP+] PolishFemboyJulx,"go"
[MVP+] PolishFemboyJulx,"go (2)"
[VIP] Sharky_777,"help Luna______"
[VIP+] BazHooka,"Leaping to PolishFemboyJulx."
[VIP+] BazHooka,"Leaping to PolishFemboyJulx. (2)"
[VIP] Sharky_777,"still i4?"
[MVP+] PolishFemboyJulx,"yes"
[VIP] Sharky_777,"alr"
[MVP+] PolishFemboyJulx,"bad but mana"
[MVP+] PolishFemboyJulx,"alr nvm"
[MVP+] PolishFemboyJulx,"cant i4 this run"
[MVP+] PolishFemboyJulx,"mana issues"
[MVP+] PolishFemboyJulx,"i need spring boots"
[MVP+] PolishFemboyJulx,"Melody Terminal start!"
[MVP+] PolishFemboyJulx,"Melody terminal is at 25%"
[MVP+] PolishFemboyJulx,"Melody terminal is at 50%"
[MVP+] PolishFemboyJulx,"Melody terminal is at 75%"
[VIP] Sharky_777,"guess i'll bc"
[VIP] Sharky_777,"you guys quite fast"
[VIP+] BazHooka,"PolishFemboyJulx do term -> shoot dev if needed"
[MVP+] PolishFemboyJulx,"i did term"
[MVP+] PolishFemboyJulx,"yay recomb"
[VIP] Sharky_777,"!tps"
[VIP+] BazHooka,"Current TPS: 20.0"
[MVP+] PolishFemboyJulx,"TPS: 20.0"
[VIP] Sharky_777,"tps > 19.8"
[VIP] Sharky_777,"270 score"
[VIP] Sharky_777,"300 score"
[MVP+] PolishFemboyJulx,"waiting for healer leap"
[VIP+] BazHooka,"Leaping to PolishFemboyJulx."
[MVP+] PolishFemboyJulx,"Bonzo Procced"
[MVP+] PolishFemboyJulx,"Phoenix Procced"
[MVP+] PolishFemboyJulx,"fastest i4 i did"
[VIP] Sharky_777,"gg"
[MVP+] PolishFemboyJulx,"1st no death i4 too"
[VIP+] BazHooka,"Leaping to Sharky_777."
[MVP+] PolishFemboyJulx,"pb moment?"
[VIP+] BazHooka,"no"
[VIP] Sharky_777,"my pb is sub 4"
[VIP] Sharky_777,"5*"
[MVP+] PolishFemboyJulx,"ah nvm"
[MVP+] PolishFemboyJulx,"mines like 5:30"
[MVP+] PolishFemboyJulx,"dt"
[MVP+] PolishFemboyJulx,"rq"
[VIP] Sharky_777,"rq then"
[MVP+] PolishFemboyJulx,"ready"
[VIP+] BazHooka,"Leaping to 16thGarden."
[MVP+] PolishFemboyJulx,"wait gtg"
[MVP+] PolishFemboyJulx,"Bonzo Procced"
[VIP+] BazHooka,"smh"
[VIP] Sharky_777,"Blaze Done"
[VIP+] BazHooka,"Leaping to 16thGarden."
[VIP] Sharky_777,"270 score"
[MVP+] Luna______,"300 score"
[VIP] Sharky_777,"300 score"
[VIP] Sharky_777,"interesting"
[VIP] Sharky_777,"smh"
[VIP+] BazHooka,"Leaping to Sharky_777."
[VIP] Sharky_777,"Your Golden Dragon leveled up to level 189!"
[VIP] Sharky_777,"insane"
[VIP+] BazHooka,"team why is maxor so slowww"
[VIP] Sharky_777,"cuz luna can't take crystals"
[VIP+] BazHooka,"w"
[VIP+] BazHooka,"its not that hard D:"
[VIP+] BazHooka,"im dumb"
[VIP] Sharky_777,"[SOOPY V2] Sharky_777 completed 7 terms, 1 devices, and 4"
[VIP+] BazHooka,"ewww soopy"
[VIP] Sharky_777,"pure legit man"
[VIP+] BazHooka,"so?"
[VIP+] BazHooka,"why soopy"
[VIP] Sharky_777,"im on a budget"
[VIP+] LonSpecial29,"yes tank"
[VIP+] LonSpecial29,"we love tank"
[VIP+] GurveerNOTGOD,"sexy tank too"
16thGarden,"no friend"
[VIP+] LonSpecial29,"D:"
[VIP+] LonSpecial29,"sad"
[VIP+] LonSpecial29,"?"
[VIP+] LonSpecial29,"how so fast br"
[VIP+] GurveerNOTGOD,"wat?"
[VIP+] LonSpecial29,"bruh"
[MVP+] Sofam,"use architect draft"
[VIP+] LonSpecial29,"drafts? somone killed blaze wrong"
[VIP+] LonSpecial29,"alr"
[VIP+] LonSpecial29,"anyone have draft"
[VIP+] GurveerNOTGOD,"Blaze Done"
[VIP+] LonSpecial29,"yes badlion broke"
[VIP+] LonSpecial29,"bro didnt even allow me to type"
[VIP+] LonSpecial29,":skull:"
[VIP+] GurveerNOTGOD,"270 score"
[VIP+] LonSpecial29,"270 Score!"
[VIP+] LonSpecial29,"300 Score!"
[MVP+] Sofam,"why you shooting them ???"
[MVP+] Sofam,"we need to kb guys"
[VIP+] LonSpecial29,"yea"
[VIP+] GurveerNOTGOD,"lmao"
[MVP+] Sofam,"i cant kb them if you shooting xd"
[VIP+] LonSpecial29,"gg"
[VIP+] LonSpecial29,"double recomb what"
[VIP+] GurveerNOTGOD,"300 score"
[MVP+] Sofam,"gg"
[VIP+] LonSpecial29,"bruh i am lagging so hard"
[VIP+] LonSpecial29,"omfg"
[VIP+] LonSpecial29,"i am cooking"
[VIP+] GurveerNOTGOD,"270 score"
[VIP+] LonSpecial29,"270 Score!"
[VIP+] GurveerNOTGOD,"Blaze Done"
[VIP+] GurveerNOTGOD,"i forgot this room"
[VIP+] GurveerNOTGOD,"300 score"
[VIP+] LonSpecial29,"300 Score!"
[MVP+] Sofam,"STOP"
[MVP+] Sofam,"SHOOTING"
[MVP+] Sofam,"gof"
[MVP+] Sofam,"LonSpecial29 ?????"
[VIP] MrZeyton,"tank?"
[MVP+] HotChick,"tara helmet?"
[VIP+] FBI_didou_,"ye dont have the head rn dw"
[MVP+] HotChick,"buy livid helmet please"
[MVP+] Maiths,"let him cook"
[MVP+] HotChick,"hahah"
[VIP+] FBI_didou_,"270 score go faster bozos"
[VIP] Armin_Crafting1,"BLC: 270 Score!"
[VIP] Armin_Crafting1,"blaze done"
[MVP+] HotChick,"270 score."
[VIP+] FBI_didou_,"UwUaddons » Blood Ready!"
[VIP+] FBI_didou_,"UwUaddons » Blood Done!"
[VIP] Armin_Crafting1,"guys next run MUCH faster pls"
[MVP+] Maiths,"roomstack goes crazy"
[VIP] Armin_Crafting1,"yea..."
[MVP+] HotChick,"300 score"
[VIP] Armin_Crafting1,"BLC: 300 Score!"
[MVP+] Maiths,"and people typing in chat"
[MVP+] Maiths,"stop"
[VIP] Armin_Crafting1,"arch kb or dps"
[VIP] Armin_Crafting1,"alr"
[MVP+] Maiths,"no one has gyro ?"
[MVP+] Maiths,"bers need to gyro"
[MVP+] Maiths,"arm do u have gyro"
[MVP+] Maiths,"Armin_Crafting1"
[VIP+] FBI_didou_,"UwUaddons » Blood Done!"
[VIP+] FBI_didou_,"270 score go faster bozos"
[MVP+] HotChick,"270 score."
[VIP] Armin_Crafting1,"BLC: 270 Score!"
[VIP] Armin_Crafting1,"BLC: 300 Score!"
[MVP+] HotChick,"300 score"
[VIP+] FBI_didou_,"dt need soulflow"
[MVP+] Maiths,"ok"
[MVP+] Maiths,"who gyro here"
[MVP+] Maiths,"we need to gyro in portal"
[MVP+] oRacsoz,"( ???)/"
[MVP+] oRacsoz,"40110"
[MVP+] oRacsoz,"are u fm"
[MVP+] oRacsoz,"!M6"
[MVP+] oRacsoz,"they lived a good life ?"
[MVP+] oRacsoz,"they lived a good life ? (2)"
[MVP+] DraaQ1,"270"
[MVP+] velvqt69,"270 score"
[MVP+] oRacsoz,"270 score (s) dont g"
[MVP+] DraaQ1,"300"
[MVP+] oRacsoz,"mb"
[MVP+] DraaQ1,"4/5"
[MVP+] oRacsoz,"[MVP+] Streams12 unlocked Fourth Master Star! (2)"
[MVP+] oRacsoz,"bruh"
[MVP+] oRacsoz,"i have 70 percent meter"
[MVP+] nehoray10,"fm mage"
[MVP+] oRacsoz,"dont talk abt the 2 gs"
[MVP+] DraaQ1,"message dupes when you warp as he opens"
[MVP+] oRacsoz,"7 runs apart"
[MVP+] DraaQ1,"he got 1 star only"
[MVP+] HippoBaguette,"r"
[MVP+] nehoray10,"r"
[MVP+] oRacsoz,"!m6"
[MVP+] oRacsoz,"ik"
[MVP+] DraaQ1,"still a funny bug"
[MVP+] HippoBaguette,"fm r u bc"
[MVP+] DraaQ1,"Blaze Done"
[MVP+] nehoray10,"Blaze Done"
[MVP+] DraaQ1,"270"
[MVP+] oRacsoz,"270 score (s) dont g"
[MVP+] nehoray10,"270 Score Reached!"
[MVP+] HippoBaguette,"270 Score!"
[MVP+] oRacsoz,"Mimic Killed!"
[MVP+] nehoray10,"Mimic Killed!"
[MVP+] oRacsoz,"Mimic Killed! (2)"
[MVP+] oRacsoz,"? -> 300 <- ?"
[MVP+] DraaQ1,"300"
[MVP+] nehoray10,"300 Score Reached!"
[MVP+] HippoBaguette,"CRAZY RARE DROP! Monkey Teamates (+300% ? Magic Find)"
[MVP+] oRacsoz,"!m6"
[MVP+] oRacsoz,"they lived a good life ?"
[MVP+] oRacsoz,"they lived a good life ? (2)"
[MVP+] nehoray10,"to bad so sad"
[MVP+] oRacsoz,"i did not just do that"
[MVP+] imaginandote,"270 score"
[MVP+] DraaQ1,"270"
[MVP+] oRacsoz,"270 score (s) dont g"
[MVP+] nehoray10,"270 Score Reached!"
[MVP+] imaginandote,"mage u dont bc?"
[MVP+] oRacsoz,"fm"
[MVP+] imaginandote,"300 score"
[MVP+] DraaQ1,"300"
[MVP+] oRacsoz,"? -> 300 <- ?"
[MVP+] nehoray10,"300 Score Reached!"
[MVP+] nehoray10,"w dps arch"
[MVP+] oRacsoz,"lvl 160 gdrag"
[MVP+] oRacsoz,"c43"
[MVP+] imaginandote,"still w"
[MVP+] oRacsoz,"they lived a good life ?"
[MVP+] nehoray10,"to bad so sad"
[MVP+] oRacsoz,"what"
[MVP+] oRacsoz,"he just tped"
[MVP+] nehoray10,"Mimic Killed!"
[MVP+] imaginandote,"Blaze Done"
[MVP+] nehoray10,"Blaze Done"
[MVP+] imaginandote,"270 score"
[MVP+] DraaQ1,"270"
[MVP+] nehoray10,"270 Score Reached!"
[MVP+] oRacsoz,"270 score (s) dont g"
[MVP+] DraaQ1,"300"
[MVP+] imaginandote,"300 score"
[MVP+] nehoray10,"300 Score Reached!"
[MVP+] oRacsoz,"300 Score Reached!"
[MVP+] oRacsoz,"? -> 300 <- ?"
[MVP+] oRacsoz,"srry mb i did shit 4th"
[MVP+] oRacsoz,"arch"
[MVP+] oRacsoz,"are u rapid firing"
[MVP+] oRacsoz,"giants"
[MVP+] imaginandote,"what is wrong"
[MVP+] oRacsoz,"they lived a good life ?"
[MVP+] nehoray10,"to bad so sad"
[MVP+] oRacsoz,"Blaze Done"
[MVP+] DraaQ1,"Blaze Done"
[MVP+] imaginandote,"270 score"
[MVP+] DraaQ1,"270"
[MVP+] oRacsoz,"270 score (s) dont g"
[MVP+] nehoray10,"270 Score Reached!"
[MVP+] oRacsoz,"they lived a good life ?"
[MVP+] imaginandote,"300 score"
[MVP+] DraaQ1,"300"
[MVP+] oRacsoz,"? -> 300 <- ?"
[MVP+] oRacsoz,"300 Score Reached!"
[MVP+] nehoray10,"300 Score Reached!"
[MVP+] imaginandote,"Blaze Done"
[MVP+] oRacsoz,"they lived a good life ?"
[MVP+] oRacsoz,"270 score (s) dont g"
[MVP+] DraaQ1,"270"
[MVP+] imaginandote,"270 score"
[MVP+] nehoray10,"270 Score Reached!"
[MVP+] oRacsoz,"Mimic Killed!"
[MVP+] oRacsoz,"Mimic Killed! (2)"
[MVP+] imaginandote,"300 score"
[MVP+] oRacsoz,"? -> 300 <- ?"
[MVP+] DraaQ1,"300"
[MVP+] oRacsoz,"300 Score Reached!"
[MVP+] nehoray10,"300 Score Reached!"
[MVP+] oRacsoz,"they lived a good life ? (2)"
[MVP+] nehoray10,"bro i am seliing soo hard"
[MVP+] oRacsoz,"tyfrs"
[MVP+] DraaQ1,"16thGarden whats your ehp in necron"
16thGarden,"5m maybe"
[MVP+] DraaQ1,"and thats enough for tanking?"
16thGarden,"6.8m"
[MVP++] 003,"HOLY"
[MVP++] Helix_X,"270 Score!"
[MVP++] 003,"270 score"
[MVP++] Helix_X,"300 Score!"
[MVP++] 003,"INSANE DROP!!! Necron's D**k (+300% ? Magic Find)"
[MVP++] 003,"270 score"
[MVP++] Helix_X,"270 Score!"
[MVP++] 003,"INSANE DROP!!! Necron's D**k (+300% ? Magic Find)"
[MVP++] Helix_X,"300 Score!"
[MVP++] Helix_X,"test"
[MVP++] Helix_X,"tyfr"
[MVP+] Revelsed,"i can heal"
[MVP++] 003,"?"
[MVP+] Revelsed,"270 Score reached!"
[MVP++] 003,"270 score"
[MVP++] 003,"INSANE DROP!!! Necron's D**k (+300% ? Magic Find)"
[MVP+] Revelsed,"300 Score reached!"
[MVP+] Revelsed,"270 Score reached!"
[MVP++] 003,"270 score"
[MVP++] 003,"INSANE DROP!!! Necron's D**k (+300% ? Magic Find)"
[MVP+] Revelsed,"300 Score reached!"
[MVP+] oLunely,"!M6"
[MVP+] oLunely,"!m6"
[MVP++] animethighs68,"harley owns me."
[MVP+] oLunely,"(270) dont go L"
[MVP+] RenegadeBumm,"oLunely has formed a tether with you! (270)"
[MVP++] animethighs68,"YOU GO."
[MVP+] oLunely,"Party > ? [MVP++] tmoe617: i dont do terminals the terminals do me"
[MVP+] RenegadeBumm,"oLunely has formed a tether with you! (300)"
[MVP+] gggtj,"!m6"
[MVP+] Herr_Haeslig,"???"
[MVP] b4uscream_YT,"270 score"
[MVP+] N4w3,"300 score"
[MVP+] ShinyHyperion228,"can anyone tank ?"
[MVP+] ShinyHyperion228,"sharp ?"
[VIP] Sh4rp_Blade05,"no"
16thGarden,"i can"
[MVP+] Da_Puff,"rip"
[MVP+] ShinyHyperion228,"r ?"
[MVP+] Da_Puff,"r"
[VIP+] NolanPitcher,"r"
[MVP+] Da_Puff,"archer?"
[MVP+] Da_Puff,"bro"
[MVP+] Da_Puff,"270 score"
[MVP+] Da_Puff,"hype why no duo br?"
[VIP+] NolanPitcher,"$SKYTILS-DUNGEON-SCORE-MIMIC$"
[MVP+] Da_Puff,"300 score"
[VIP+] NolanPitcher,"what is this dps"
[MVP+] Da_Puff,"archer br with me next time"
[MVP+] ShinyHyperion228,"yes sir"
[MVP+] Da_Puff,"I cant solo br m6"
[MVP+] ShinyHyperion228,"r ?"
[MVP+] Da_Puff,"r"
[VIP+] NolanPitcher,"tr"
[MVP+] Da_Puff,"go?"
[MVP+] DarKODin_HS,"r"
[MVP+] Da_Puff,"270 score"
[MVP+] Da_Puff,"300 score"
[MVP+] Da_Puff,"Mimic Killed"
[VIP+] NolanPitcher,"$SKYTILS-DUNGEON-SCORE-MIMIC$"
[MVP+] Da_Puff,"270 score"
[MVP+] Da_Puff,"300 score"
[VIP+] NolanPitcher,"are they playing on phones"
[VIP+] NolanPitcher,"the archer"
[MVP+] Da_Puff,"real"
[MVP+] Da_Puff,"270 score"
[MVP+] ShinyHyperion228,"im crashing each 5 secs"
[VIP+] NolanPitcher,"yea mabye rs"
[VIP+] NolanPitcher,"your pc"
[VIP+] NolanPitcher,"or phone"
[MVP+] ShinyHyperion228,"nah i have a 4060ti with 32gb"
[MVP+] DarKODin_HS,"he's crashing a bit probs a mod"
[MVP+] ShinyHyperion228,"is 1 of my mods"
[VIP+] NolanPitcher,"allocate more ram"
[MVP+] Da_Puff,"whats your excuse then"
[MVP+] Da_Puff,"300 score"
[VIP] mattybraceYT,"i think im human"
[VIP] mattybraceYT,"mb"
[MVP+] JmayorgaO,"270 Score"
[VIP] mattybraceYT,"270 score"
[MVP+] Polizei111,"ouer dps isnt bad"
[MVP+] Polizei111,"860k more xp till bers 46 -.-"
[MVP+] Polizei111,"1 sec"
Woizz_GamingBg,"ok"
[MVP+] Polizei111,"Switching to profile Papaya..."
[MVP+] Polizei111,"r"
Woizz_GamingBg,"!m6"
Woizz_GamingBg,"BOOM!"
Woizz_GamingBg,"BOOM! (2)"
[MVP+] Hammez_,"270 score"
[MVP+] Polizei111,"Witness THUNDER's Might ?_? (270)"
Woizz_GamingBg,"270 score"
[MVP+] Hammez_,"300 score"
[MVP+] Polizei111,"Long live LORD JAWBUS (?°?°)? (300)"
Woizz_GamingBg,"300 score"
[MVP+] Papraxy,"no bc?"
[MVP+] Hammez_,"i died mb"
Woizz_GamingBg,"BOOM!"
[MVP+] Polizei111,"off"
[MVP+] Polizei111,"!warp"
[MVP+] Polizei111,"Witness THUNDER's Might ?_? (270)"
[MVP+] Hammez_,"270 score"
Woizz_GamingBg,"270 score"
[MVP+] Polizei111,"Witness THUNDER's Might ?_? (270)"
[MVP+] Hammez_,"300 score"
Woizz_GamingBg,"300 score"
[MVP+] Polizei111,"Long live LORD JAWBUS (?°?°)? (300)"
[MVP+] Hammez_,"270 score"
Woizz_GamingBg,"270 score"
[MVP+] Polizei111,"Witness THUNDER's Might ?_? (270)"
Woizz_GamingBg,"300 score"
[MVP+] Polizei111,"Long live LORD JAWBUS (?°?°)? (300)"
Woizz_GamingBg,"BOOM!"
Woizz_GamingBg,"BOOM! (2)"
Woizz_GamingBg,"BOOM! (3)"
[MVP+] Polizei111,"wew"
[MVP+] Papraxy,"$SKYTILS-DUNGEON-SCORE-MIMIC$"
[MVP+] Papraxy,"Blaze Puzzle Finished!"
[MVP+] Hammez_,"270 score"
[MVP+] Polizei111,"Witness THUNDER's Might ?_? (270)"
[MVP+] Hammez_,"300 score"
[MVP+] Papraxy,"tyfrs"
[MVP+] Onsyde,"Blaze Done"
[MVP+] Onsyde,"270 Score"
[MVP+] TheMinerBot,"tf is this"
[MVP+] TheMinerBot,"solver broke"
[MVP+] TheMinerBot,"someone knows?"
[MVP+] LfHandlePls,"a"
[MVP+] Onsyde,"300 Score"
[MVP+] LfHandlePls,"300 Score skibidi alert!"
[MVP+] Onsyde,"270 Score"
[MVP+] Onsyde,"300 Score"
[MVP+] LfHandlePls,"300 Score skibidi alert!"
[MVP+] Onsyde,"arch gyro"
[MVP+] Onsyde,"?"
[MVP+] LfHandlePls,"i had cd"
[MVP+] Onsyde,"kk"
[MVP+] LfHandlePls,"i didnt pot"
[MVP+] LfHandlePls,"mb"
[MVP+] Onsyde,"270 Score"
[MVP+] LfHandlePls,"300 Score skibidi alert!"
[MVP+] Onsyde,"300 Score"
[MVP+] konorebi,"tyfr"
[MVP+] Onsyde,"Blaze Done"
[MVP+] Onsyde,"270 Score"
[MVP+] Onsyde,"300 Score"
[MVP+] LfHandlePls,"300 Score skibidi alert!"
[MVP+] KrustyTravis,"wait"
[MVP+] KrustyTravis,"i dont need to gyro right"
[MVP+] Onsyde,"ye"
[MVP+] KrustyTravis,"a;r"
[MVP+] KrustyTravis,"havent played this game for a bit"
[MVP+] TheMinerBot,"on god"
[MVP+] TheMinerBot,"this is crazy"
[MVP+] TheMinerBot,"im the only one lagging?"
[MVP+] KrustyTravis,"nah"
[MVP+] KrustyTravis,"im lagging"
[MVP+] TheMinerBot,"oK.."
[MVP+] Onsyde,"270 Score"
[MVP+] Onsyde,"300 Score"
[MVP+] KrustyTravis,"i fucking hate this room"
[MVP+] LfHandlePls,"300 Score skibidi alert!"
[MVP+] TheMinerBot,"Blaze Puzzle Finished!"
[MVP+] TheMinerBot,"fuck"
[MVP+] Onsyde,"270 Score"
[MVP+] Onsyde,"300 Score"
[MVP+] LfHandlePls,"300 Score skibidi alert!"
[MVP+] TheMinerBot,"!dt arrows"
[MVP+] LfHandlePls,"alr"
[MVP+] Onsyde,"Players need DT: TheMinerBot: arrows"
[MVP+] TheMinerBot,"r"
[MVP+] Onsyde,"!tps"
[MVP+] Onsyde,"Current TPS: 12.0"
[MVP+] TheMinerBot,"tps > 8.5"
[MVP+] Onsyde,"TPS: 13.3"
[MVP+] KrustyTravis,"tf"
[MVP+] LfHandlePls,"rs"
[MVP+] TheMinerBot,"shit server"
[MVP+] LfHandlePls,"that was unplayable"
[MVP+] TheMinerBot,"fuck"
[MVP+] TheMinerBot,"someone has the latter"
[MVP+] TheMinerBot,"that resets that"
[MVP+] TheMinerBot,"and my solver bugged"
[MVP+] TheMinerBot,"fuck that"
[MVP+] TheMinerBot,"imma fucking go sleep after"
[MVP+] Onsyde,"Blaze Done"
[MVP+] Onsyde,"270 Score"
[MVP+] LfHandlePls,"300 Score skibidi alert!"
[MVP+] TheMinerBot,"ON GOD"
[MVP+] TheMinerBot,"gl guys"
[VIP+] secretTIP,"Sry"
[VIP+] Merwlin,"wait"
[VIP+] Merwlin,"thius guy have 150k secrets?"
[VIP+] Merwlin,"why i cant move"
[VIP+] secretTIP,"help me with trap room"
[MVP+] Icronix13,"270 score"
[MVP+] Icronix13,"270 score"
[MVP+] Mysterio_05,"270 Score!"
[MVP+] Icronix13,"270 score"
[MVP+] Mysterio_05,"270 Score!"
[VIP+] secretTIP,"ty i gtg"
[VIP] Naistemees69,"[Skyblocker] We only have 1 crypts out of 5, we need more!"
[MVP+] Icronix13,"270 score"
[MVP+] Mysterio_05,"270 Score!"
[VIP] Naistemees69,"r"
[VIP] Naistemees69,"[Skyblocker] We only have 2 crypts out of 5, we need more!"
[MVP+] Icronix13,"270 score"
[MVP+] Mysterio_05,"270 Score!"
[VIP] Naistemees69,"r"
[MVP+] Icronix13,"Blaze Done"
